"Site_ID","Day","Month","Year","Plant_genus","Plant_species","Plant_ID","Notes","Fruit_Yes","Fruit_No","Fruit_preyed","Fruit_dispersed","Plant_gen_sp"
"Niebla",12,5,2015,"Cistus","monspeliensis","A1","Frutos dudosos, los guardo",3,0,0,0,"Cistus monspeliensis"
"Niebla",11,6,2015,"Cistus","crispus","A1",NA,5,0,3,0,"Cistus crispus"
"Niebla",11,6,2015,"Cistus","crispus","A2",NA,2,4,0,0,"Cistus crispus"
"Niebla",11,6,2015,"Cistus","crispus","A3",NA,4,5,2,0,"Cistus crispus"
"Niebla",11,6,2015,"Cistus","crispus","B1",NA,4,1,4,0,"Cistus crispus"
"Niebla",11,6,2015,"Cistus","crispus","B2",NA,2,2,0,0,"Cistus crispus"
"Niebla",11,6,2015,"Asphodelus","fistulosus","A1",NA,25,3,11,0,"Asphodelus fistulosus"
"Niebla",11,6,2015,"Asphodelus","fistulosus","A2",NA,14,6,0,0,"Asphodelus fistulosus"
"Niebla",11,6,2015,"Asphodelus","fistulosus","A3",NA,11,11,1,0,"Asphodelus fistulosus"
"Niebla",11,6,2015,"Asphodelus","fistulosus","B1",NA,21,0,16,0,"Asphodelus fistulosus"
"Niebla",11,6,2015,"Asphodelus","fistulosus","B2",NA,23,1,19,0,"Asphodelus fistulosus"
"Niebla",11,6,2015,"Asphodelus","fistulosus","B3",NA,23,3,22,0,"Asphodelus fistulosus"
"Niebla",11,6,2015,"Asphodelus","fistulosus","C1",NA,14,9,9,0,"Asphodelus fistulosus"
"Niebla",11,6,2015,"Asphodelus","fistulosus","C2",NA,12,5,9,0,"Asphodelus fistulosus"
"Niebla",11,6,2015,"Asphodelus","fistulosus","C3",NA,7,1,5,0,"Asphodelus fistulosus"
"Niebla",28,5,2015,"Cistus","ladanifer","A1",NA,0,1,0,0,"Cistus ladanifer"
"Niebla",28,5,2015,"Cistus","ladanifer","A2",NA,0,1,0,0,"Cistus ladanifer"
"Niebla",28,5,2015,"Cistus","ladanifer","A3",NA,0,1,0,0,"Cistus ladanifer"
"Niebla",28,5,2015,"Cistus","ladanifer","B1",NA,3,2,2,0,"Cistus ladanifer"
"Niebla",28,5,2015,"Cistus","ladanifer","B2",NA,5,0,5,0,"Cistus ladanifer"
"Niebla",28,5,2015,"Cistus","ladanifer","B3",NA,7,0,7,0,"Cistus ladanifer"
"Niebla",28,5,2015,"Cistus","ladanifer","C1",NA,1,0,1,0,"Cistus ladanifer"
"Niebla",28,5,2015,"Cistus","ladanifer","C2",NA,1,0,0,0,"Cistus ladanifer"
"Niebla",28,5,2015,"Cistus","ladanifer","C3",NA,1,0,1,0,"Cistus ladanifer"
"Niebla",28,5,2015,"Cistus","monspeliensis","A1",NA,2,0,1,0,"Cistus monspeliensis"
"Niebla",28,5,2015,"Cistus","monspeliensis","A2",NA,3,1,0,0,"Cistus monspeliensis"
"Niebla",28,5,2015,"Phlomis","purpurea","A1",NA,9,0,0,0,"Phlomis purpurea"
"Niebla",28,5,2015,"Phlomis","purpurea","A2",NA,10,0,0,0,"Phlomis purpurea"
"Niebla",28,5,2015,"Phlomis","purpurea","A3",NA,10,0,0,0,"Phlomis purpurea"
"Niebla",28,5,2015,"Phlomis","purpurea","B1",NA,20,0,0,0,"Phlomis purpurea"
"Niebla",28,5,2015,"Phlomis","purpurea","B2",NA,20,0,0,0,"Phlomis purpurea"
"Niebla",28,5,2015,"Phlomis","purpurea","B3",NA,22,0,0,0,"Phlomis purpurea"
"Niebla",28,5,2015,"Lavandula","pedunculata","A1",NA,99,36,0,0,"Lavandula pedunculata"
"Niebla",28,5,2015,"Lavandula","pedunculata","A2",NA,58,30,0,0,"Lavandula pedunculata"
"Niebla",28,5,2015,"Lavandula","pedunculata","A3",NA,75,40,0,0,"Lavandula pedunculata"
"Niebla",28,5,2015,"Lavandula","pedunculata","B1",NA,109,12,0,0,"Lavandula pedunculata"
"Niebla",28,5,2015,"Lavandula","pedunculata","B2",NA,21,10,0,0,"Lavandula pedunculata"
"Niebla",28,5,2015,"Lavandula","pedunculata","B3",NA,117,9,0,0,"Lavandula pedunculata"
"Niebla",28,5,2015,"Lavandula","pedunculata","C1",NA,83,15,0,0,"Lavandula pedunculata"
"Niebla",28,5,2015,"Lavandula","pedunculata","C2",NA,101,39,0,0,"Lavandula pedunculata"
"Niebla",28,5,2015,"Lavandula","pedunculata","C3",NA,128,25,0,0,"Lavandula pedunculata"
"Bonares",12,5,2015,"Ulex","australis","A1",NA,7,6,0,6,"Ulex australis"
"Bonares",12,5,2015,"Ulex","australis","A2",NA,8,0,0,1,"Ulex australis"
"Bonares",12,5,2015,"Ulex","australis","B1",NA,5,10,0,4,"Ulex australis"
"Bonares",12,5,2015,"Ulex","australis","B2",NA,2,4,0,0,"Ulex australis"
"Bonares",12,5,2015,"Ulex","australis","C1",NA,6,1,0,2,"Ulex australis"
"Bonares",12,5,2015,"Ulex","australis","C2",NA,3,2,0,0,"Ulex australis"
"Bonares",12,5,2015,"Cistus","crispus","A1",NA,6,4,0,0,"Cistus crispus"
"Bonares",12,5,2015,"Cistus","crispus","A2",NA,6,5,0,0,"Cistus crispus"
"Bonares",12,5,2015,"Cistus","crispus","A3",NA,5,3,0,0,"Cistus crispus"
"Bonares",12,5,2015,"Cistus","crispus","B1",NA,3,2,0,0,"Cistus crispus"
"Bonares",12,5,2015,"Cistus","crispus","B2",NA,4,2,0,0,"Cistus crispus"
"Bonares",12,5,2015,"Cistus","crispus","B3",NA,2,3,0,0,"Cistus crispus"
"Bonares",12,5,2015,"Cistus","salviifolius","A1",NA,7,2,0,0,"Cistus salviifolius"
"Bonares",12,5,2015,"Cistus","salviifolius","A2",NA,2,0,0,0,"Cistus salviifolius"
"Bonares",12,5,2015,"Cistus","salviifolius","A3",NA,2,0,0,0,"Cistus salviifolius"
"Bonares",12,5,2015,"Cistus","salviifolius","B1",NA,2,5,0,0,"Cistus salviifolius"
"Bonares",12,5,2015,"Cistus","salviifolius","B2",NA,1,0,0,0,"Cistus salviifolius"
"Bonares",12,5,2015,"Cistus","salviifolius","B3",NA,6,0,0,0,"Cistus salviifolius"
"Bonares",12,5,2015,"Cistus","salviifolius","C1",NA,3,0,1,0,"Cistus salviifolius"
"Bonares",12,5,2015,"Cistus","salviifolius","C2",NA,2,0,0,0,"Cistus salviifolius"
"Bonares",12,5,2015,"Cistus","salviifolius","C3",NA,2,0,0,0,"Cistus salviifolius"
"Bonares",12,5,2015,"Halimium","calycinum","A1",NA,0,3,0,0,"Halimium calycinum"
"Bonares",12,5,2015,"Halimium","calycinum","A2",NA,0,6,0,0,"Halimium calycinum"
"Bonares",12,5,2015,"Halimium","calycinum","A3",NA,0,1,0,0,"Halimium calycinum"
"Bonares",12,5,2015,"Halimium","calycinum","B1",NA,2,6,0,2,"Halimium calycinum"
"Bonares",12,5,2015,"Halimium","calycinum","B2",NA,0,5,0,0,"Halimium calycinum"
"Bonares",12,5,2015,"Halimium","calycinum","B3",NA,0,1,0,0,"Halimium calycinum"
"Bonares",12,5,2015,"Cistus","ladanifer","A1",NA,2,1,0,0,"Cistus ladanifer"
"Bonares",12,5,2015,"Cistus","ladanifer","A2",NA,2,0,1,0,"Cistus ladanifer"
"Bonares",12,5,2015,"Cistus","ladanifer","A3",NA,3,0,2,0,"Cistus ladanifer"
"Bonares",12,5,2015,"Cistus","ladanifer","B1",NA,5,0,2,0,"Cistus ladanifer"
"Bonares",12,5,2015,"Cistus","ladanifer","B2",NA,3,0,1,0,"Cistus ladanifer"
"Bonares",12,5,2015,"Cistus","ladanifer","B3",NA,3,0,0,0,"Cistus ladanifer"
"Bonares",12,5,2015,"Cistus","ladanifer","C1",NA,1,0,0,0,"Cistus ladanifer"
"Bonares",12,5,2015,"Cistus","ladanifer","C2",NA,1,0,1,0,"Cistus ladanifer"
"Bonares",12,5,2015,"Cistus","ladanifer","C3",NA,2,0,0,0,"Cistus ladanifer"
"Bonares",12,5,2015,"Cistus","ladanifer","D1",NA,2,0,0,0,"Cistus ladanifer"
"Bonares",12,5,2015,"Cistus","ladanifer","D2",NA,4,0,1,1,"Cistus ladanifer"
"Bonares",12,5,2015,"Cistus","ladanifer","D3",NA,5,0,1,3,"Cistus ladanifer"
"Bonares",12,5,2015,"Lavandula","stoechas","A1",NA,145,15,0,0,"Lavandula stoechas"
"Bonares",12,5,2015,"Lavandula","stoechas","A2",NA,139,7,10,0,"Lavandula stoechas"
"Bonares",12,5,2015,"Lavandula","stoechas","A3",NA,113,32,0,0,"Lavandula stoechas"
"Bonares",12,5,2015,"Lavandula","stoechas","B1",NA,171,20,0,0,"Lavandula stoechas"
"Bonares",12,5,2015,"Lavandula","stoechas","B2",NA,92,22,0,0,"Lavandula stoechas"
"Bonares",12,5,2015,"Lavandula","stoechas","B3",NA,90,40,15,0,"Lavandula stoechas"
"Bonares",12,5,2015,"Lavandula","stoechas","C1",NA,102,28,14,0,"Lavandula stoechas"
"Bonares",12,5,2015,"Lavandula","stoechas","C2",NA,103,15,6,0,"Lavandula stoechas"
"Bonares",12,5,2015,"Lavandula","stoechas","C3",NA,59,48,0,0,"Lavandula stoechas"
"La_rocina",10,6,2015,"Halimium","calycinum","A1",NA,5,0,0,1,"Halimium calycinum"
"La_rocina",10,6,2015,"Halimium","calycinum","A2",NA,1,3,0,0,"Halimium calycinum"
"La_rocina",10,6,2015,"Halimium","calycinum","A3",NA,3,4,0,1,"Halimium calycinum"
"La_rocina",10,6,2015,"Anchusa","azurea","A1","predados por chinche algunos frutos",25,0,2,19,"Anchusa azurea"
"La_rocina",10,6,2015,"Anchusa","azurea","A2",NA,27,0,1,21,"Anchusa azurea"
"La_rocina",10,6,2015,"Anchusa","azurea","A3",NA,38,0,0,36,"Anchusa azurea"
"La_rocina",10,6,2015,"Anchusa","azurea","B1",NA,32,0,2,27,"Anchusa azurea"
"La_rocina",10,6,2015,"Anchusa","azurea","B2",NA,0,3,0,0,"Anchusa azurea"
"La_rocina",10,6,2015,"Anchusa","azurea","B3",NA,0,6,0,0,"Anchusa azurea"
"La_rocina",10,6,2015,"Halimium","halimifolium","A1",NA,1,3,0,0,"Halimium halimifolium"
"La_rocina",10,6,2015,"Halimium","halimifolium","A2",NA,0,1,0,0,"Halimium halimifolium"
"La_rocina",10,6,2015,"Halimium","halimifolium","A3",NA,0,2,0,0,"Halimium halimifolium"
"La_rocina",10,6,2015,"Salvia","rosmarinus","A1",NA,39,7,0,26,"Salvia rosmarinus"
"La_rocina",10,6,2015,"Salvia","rosmarinus","A2","frutos perdidos",0,0,0,0,"Salvia rosmarinus"
"La_rocina",10,6,2015,"Salvia","rosmarinus","A3","frutos perdidos",0,0,0,0,"Salvia rosmarinus"
"La_rocina",10,6,2015,"Spartium","junceum","A1","frutos perdidos",0,0,0,0,"Spartium junceum"
"La_rocina",10,6,2015,"Spartium","junceum","A2",NA,0,1,0,0,"Spartium junceum"
"La_rocina",10,6,2015,"Spartium","junceum","B1",NA,8,0,0,4,"Spartium junceum"
"La_rocina",10,6,2015,"Spartium","junceum","B2",NA,14,0,0,10,"Spartium junceum"
"Pino_del_cuervo",10,6,2015,"Cistus","crispus","A1",NA,6,3,0,0,"Cistus crispus"
"Pino_del_cuervo",10,6,2015,"Cistus","crispus","A2",NA,4,3,0,0,"Cistus crispus"
"Pino_del_cuervo",10,6,2015,"Cistus","crispus","A3",NA,4,8,0,0,"Cistus crispus"
"Pino_del_cuervo",10,6,2015,"Cistus","crispus","B1",NA,4,1,1,0,"Cistus crispus"
"Pino_del_cuervo",10,6,2015,"Cistus","crispus","B2",NA,5,0,0,0,"Cistus crispus"
"Pino_del_cuervo",10,6,2015,"Cistus","crispus","B3",NA,3,2,0,0,"Cistus crispus"
"Pino_del_cuervo",10,6,2015,"Salvia","rosmarinus","A1",NA,29,5,0,25,"Salvia rosmarinus"
"Pino_del_cuervo",10,6,2015,"Salvia","rosmarinus","A2",NA,11,1,0,10,"Salvia rosmarinus"
"Pino_del_cuervo",10,6,2015,"Salvia","rosmarinus","A3",NA,45,1,1,41,"Salvia rosmarinus"
"Pino_del_cuervo",10,6,2015,"Salvia","rosmarinus","B1",NA,6,32,0,6,"Salvia rosmarinus"
"Pino_del_cuervo",10,6,2015,"Salvia","rosmarinus","B2",NA,11,9,0,11,"Salvia rosmarinus"
"Pino_del_cuervo",10,6,2015,"Salvia","rosmarinus","B3",NA,4,15,0,3,"Salvia rosmarinus"
"Pino_del_cuervo",10,6,2015,"Halimium","calycinum","A1",NA,2,1,0,2,"Halimium calycinum"
"Pino_del_cuervo",10,6,2015,"Halimium","calycinum","A2",NA,2,0,0,2,"Halimium calycinum"
"Pino_del_cuervo",10,6,2015,"Halimium","calycinum","A3",NA,1,1,0,0,"Halimium calycinum"
"Pino_del_cuervo",10,6,2015,"Halimium","calycinum","B1",NA,1,4,0,0,"Halimium calycinum"
"Pino_del_cuervo",10,6,2015,"Halimium","calycinum","B2",NA,1,2,0,0,"Halimium calycinum"
"Pino_del_cuervo",10,6,2015,"Halimium","calycinum","B3",NA,4,2,0,1,"Halimium calycinum"
"Pino_del_cuervo",10,6,2015,"Salvia","rosmarinus","A1","solo un fruto, el resto perdido",1,0,0,0,"Salvia rosmarinus"
"Pino_del_cuervo",10,6,2015,"Salvia","rosmarinus","A2",NA,21,0,0,21,"Salvia rosmarinus"
"Pino_del_cuervo",10,6,2015,"Salvia","rosmarinus","A3",NA,8,16,0,6,"Salvia rosmarinus"
"Pino_del_cuervo",10,6,2015,"Asphodelus","fistulosus","A1",NA,12,10,4,0,"Asphodelus fistulosus"
"Pino_del_cuervo",10,6,2015,"Asphodelus","fistulosus","A2",NA,0,25,0,0,"Asphodelus fistulosus"
"Pino_del_cuervo",10,6,2015,"Asphodelus","fistulosus","A3",NA,6,12,0,0,"Asphodelus fistulosus"
"Pino_del_cuervo",10,6,2015,"Asphodelus","fistulosus","B1",NA,0,16,0,0,"Asphodelus fistulosus"
"Pino_del_cuervo",10,6,2015,"Asphodelus","fistulosus","B2",NA,1,11,0,0,"Asphodelus fistulosus"
"Pino_del_cuervo",10,6,2015,"Asphodelus","fistulosus","B3",NA,2,9,0,0,"Asphodelus fistulosus"
"Pino_del_cuervo",10,6,2015,"Ulex","australis","A1","fruto perdido",0,0,0,0,"Ulex australis"
"Pino_del_cuervo",10,6,2015,"Ulex","australis","A2","fruto perdido",0,0,0,0,"Ulex australis"
"Pino_del_cuervo",10,6,2015,"Ulex","australis","A3","fruto perdido",0,0,0,0,"Ulex australis"
"Pino_del_cuervo",10,6,2015,"Ulex","australis","B1",NA,31,3,0,29,"Ulex australis"
"Pino_del_cuervo",10,6,2015,"Ulex","australis","B2",NA,14,0,1,12,"Ulex australis"
"Pino_del_cuervo",10,6,2015,"Ulex","australis","B3",NA,11,0,0,9,"Ulex australis"
"Pino_del_cuervo",10,6,2015,"Cistus","ladanifer","A1",NA,2,0,2,0,"Cistus ladanifer"
"Pino_del_cuervo",10,6,2015,"Cistus","ladanifer","A2",NA,5,1,0,0,"Cistus ladanifer"
"Pino_del_cuervo",10,6,2015,"Cistus","ladanifer","A3",NA,2,0,0,0,"Cistus ladanifer"
"Pino_del_cuervo",10,6,2015,"Cistus","ladanifer","B1",NA,2,0,1,0,"Cistus ladanifer"
"Pino_del_cuervo",10,6,2015,"Cistus","ladanifer","B2",NA,5,0,4,0,"Cistus ladanifer"
"Pino_del_cuervo",10,6,2015,"Cistus","ladanifer","B3",NA,3,0,1,0,"Cistus ladanifer"
"Pino_del_cuervo",10,6,2015,"Cistus","ladanifer","C1",NA,5,1,0,0,"Cistus ladanifer"
"Pino_del_cuervo",10,6,2015,"Cistus","ladanifer","C2",NA,2,0,1,1,"Cistus ladanifer"
"Pino_del_cuervo",10,6,2015,"Cistus","ladanifer","C3",NA,1,0,1,0,"Cistus ladanifer"
"Aznalcazar",8,5,2015,"Asphodelus","fistulosus","A1",NA,6,0,0,6,"Asphodelus fistulosus"
"Aznalcazar",8,5,2015,"Asphodelus","fistulosus","A2",NA,9,0,0,9,"Asphodelus fistulosus"
"Aznalcazar",8,5,2015,"Asphodelus","fistulosus","A3",NA,8,0,0,8,"Asphodelus fistulosus"
"Aznalcazar",8,5,2015,"Asphodelus","fistulosus","B1",NA,5,5,2,0,"Asphodelus fistulosus"
"Aznalcazar",8,5,2015,"Asphodelus","fistulosus","B2",NA,7,5,3,0,"Asphodelus fistulosus"
"Aznalcazar",8,5,2015,"Asphodelus","fistulosus","B3",NA,11,6,2,0,"Asphodelus fistulosus"
"Aznalcazar",8,5,2015,"Asphodelus","fistulosus","C1",NA,15,1,7,0,"Asphodelus fistulosus"
"Aznalcazar",8,5,2015,"Asphodelus","fistulosus","C2",NA,11,3,6,0,"Asphodelus fistulosus"
"Aznalcazar",8,5,2015,"Asphodelus","fistulosus","C3",NA,14,2,8,0,"Asphodelus fistulosus"
"Aznalcazar",8,5,2015,"Cistus","salviifolius","A1",NA,33,2,1,0,"Cistus salviifolius"
"Aznalcazar",8,5,2015,"Cistus","salviifolius","A2",NA,0,2,0,0,"Cistus salviifolius"
"Aznalcazar",8,5,2015,"Cistus","salviifolius","A3",NA,0,1,0,0,"Cistus salviifolius"
"Aznalcazar",8,5,2015,"Cistus","salviifolius","B1",NA,2,0,0,2,"Cistus salviifolius"
"Aznalcazar",8,5,2015,"Cistus","salviifolius","B2",NA,1,0,0,1,"Cistus salviifolius"
"Aznalcazar",8,5,2015,"Cistus","salviifolius","B3",NA,1,0,0,1,"Cistus salviifolius"
"Aznalcazar",8,5,2015,"Cistus","salviifolius","C1",NA,6,0,1,3,"Cistus salviifolius"
"Aznalcazar",8,5,2015,"Cistus","salviifolius","C2",NA,13,0,5,1,"Cistus salviifolius"
"Aznalcazar",8,5,2015,"Cistus","salviifolius","C3",NA,1,4,1,0,"Cistus salviifolius"
"Aznalcazar",8,5,2015,"Cistus","ladanifer","A1",NA,1,0,0,0,"Cistus ladanifer"
"Aznalcazar",8,5,2015,"Cistus","ladanifer","A2",NA,8,1,4,0,"Cistus ladanifer"
"Aznalcazar",8,5,2015,"Cistus","ladanifer","A3",NA,0,1,0,0,"Cistus ladanifer"
"Aznalcazar",8,5,2015,"Cistus","ladanifer","B1",NA,4,0,3,0,"Cistus ladanifer"
"Aznalcazar",8,5,2015,"Cistus","ladanifer","B2",NA,1,0,0,0,"Cistus ladanifer"
"Aznalcazar",8,5,2015,"Cistus","ladanifer","B3",NA,4,0,4,0,"Cistus ladanifer"
"Aznalcazar",8,5,2015,"Lavandula","pedunculata","A1",NA,86,18,0,0,"Lavandula pedunculata"
"Aznalcazar",8,5,2015,"Lavandula","pedunculata","A2","fruto perdido",0,0,0,0,"Lavandula pedunculata"
"Aznalcazar",8,5,2015,"Lavandula","pedunculata","A3","fruto perdido",0,0,0,0,"Lavandula pedunculata"
"Aznalcazar",8,5,2015,"Lavandula","pedunculata","B1","fruto perdido",0,0,0,0,"Lavandula pedunculata"
"Aznalcazar",8,5,2015,"Lavandula","pedunculata","B2",NA,20,37,0,0,"Lavandula pedunculata"
"Aznalcazar",8,5,2015,"Lavandula","pedunculata","B3","fruto perdido",0,0,0,0,"Lavandula pedunculata"
"Aznalcazar",8,5,2015,"Lavandula","pedunculata","C1",NA,108,13,0,0,"Lavandula pedunculata"
"Aznalcazar",8,5,2015,"Lavandula","pedunculata","C2",NA,30,52,0,0,"Lavandula pedunculata"
"Aznalcazar",8,5,2015,"Lavandula","pedunculata","C3","fruto perdido",0,0,0,0,"Lavandula pedunculata"
"La_cunya",19,4,2015,"Salvia","rosmarinus","A1",NA,10,7,2,0,"Salvia rosmarinus"
"La_cunya",19,4,2015,"Salvia","rosmarinus","A2",NA,10,8,2,2,"Salvia rosmarinus"
"La_cunya",19,4,2015,"Salvia","rosmarinus","A3",NA,25,12,15,3,"Salvia rosmarinus"
"La_cunya",19,4,2015,"Salvia","rosmarinus","B1",NA,9,8,3,3,"Salvia rosmarinus"
"La_cunya",19,4,2015,"Salvia","rosmarinus","B2",NA,6,11,1,0,"Salvia rosmarinus"
"La_cunya",19,4,2015,"Salvia","rosmarinus","B3",NA,11,7,0,5,"Salvia rosmarinus"
"La_cunya",27,5,2015,"Cistus","salviifolius","A1",NA,5,0,0,3,"Cistus salviifolius"
"La_cunya",27,5,2015,"Cistus","salviifolius","A2",NA,3,0,0,2,"Cistus salviifolius"
"La_cunya",27,5,2015,"Cistus","salviifolius","A3",NA,2,0,0,1,"Cistus salviifolius"
"La_cunya",27,5,2015,"Cistus","salviifolius","B1",NA,2,1,1,0,"Cistus salviifolius"
"La_cunya",27,5,2015,"Cistus","salviifolius","B2",NA,5,0,0,2,"Cistus salviifolius"
"La_cunya",27,5,2015,"Cistus","salviifolius","B3",NA,12,0,6,6,"Cistus salviifolius"
"La_cunya",27,5,2015,"Lavandula","pedunculata","A1",NA,111,36,26,0,"Lavandula pedunculata"
"La_cunya",27,5,2015,"Lavandula","pedunculata","A2",NA,73,25,18,0,"Lavandula pedunculata"
"La_cunya",27,5,2015,"Lavandula","pedunculata","A3",NA,87,32,12,0,"Lavandula pedunculata"
"La_cunya",27,5,2015,"Lavandula","pedunculata","B1",NA,105,20,0,0,"Lavandula pedunculata"
"La_cunya",27,5,2015,"Lavandula","pedunculata","B2",NA,93,32,0,0,"Lavandula pedunculata"
"La_cunya",27,5,2015,"Lavandula","pedunculata","B3","fruto perdido",0,0,0,0,"Lavandula pedunculata"
"Convento_de_la_luz",13,4,2015,"Salvia","rosmarinus","A1",NA,13,9,0,11,"Salvia rosmarinus"
"Convento_de_la_luz",13,4,2015,"Salvia","rosmarinus","A2",NA,22,1,0,22,"Salvia rosmarinus"
"Convento_de_la_luz",13,4,2015,"Salvia","rosmarinus","A3",NA,3,0,0,3,"Salvia rosmarinus"
"Convento_de_la_luz",13,4,2015,"Salvia","rosmarinus","B1",NA,32,2,0,29,"Salvia rosmarinus"
"Convento_de_la_luz",13,4,2015,"Salvia","rosmarinus","B2",NA,30,10,0,25,"Salvia rosmarinus"
"Convento_de_la_luz",13,4,2015,"Salvia","rosmarinus","B3",NA,21,1,0,18,"Salvia rosmarinus"
"Convento_de_la_luz",13,4,2015,"Salvia","rosmarinus","C1",NA,51,11,6,39,"Salvia rosmarinus"
"Convento_de_la_luz",13,4,2015,"Salvia","rosmarinus","C2",NA,54,6,0,46,"Salvia rosmarinus"
"Convento_de_la_luz",13,4,2015,"Salvia","rosmarinus","C3",NA,62,17,0,55,"Salvia rosmarinus"
"Convento_de_la_luz",28,5,2015,"Cistus","salviifolius","A1",NA,2,0,0,0,"Cistus salviifolius"
"Convento_de_la_luz",28,5,2015,"Cistus","salviifolius","A2",NA,3,0,0,0,"Cistus salviifolius"
"Convento_de_la_luz",28,5,2015,"Cistus","salviifolius","A3",NA,3,0,2,0,"Cistus salviifolius"
"Convento_de_la_luz",28,5,2015,"Cistus","salviifolius","B1",NA,1,0,1,0,"Cistus salviifolius"
"Convento_de_la_luz",28,5,2015,"Cistus","salviifolius","B2",NA,1,0,0,0,"Cistus salviifolius"
"Convento_de_la_luz",28,5,2015,"Cistus","salviifolius","B3",NA,1,0,0,0,"Cistus salviifolius"
"Convento_de_la_luz",28,5,2015,"Cistus","ladanifer","A1",NA,1,0,0,0,"Cistus ladanifer"
"Convento_de_la_luz",28,5,2015,"Cistus","ladanifer","A2","Fruto dudoso, lo guardo",1,0,0,0,"Cistus ladanifer"
"Convento_de_la_luz",28,5,2015,"Cistus","ladanifer","A3",NA,2,0,2,0,"Cistus ladanifer"
"Convento_de_la_luz",28,5,2015,"Cistus","ladanifer","B1",NA,1,2,0,0,"Cistus ladanifer"
"Convento_de_la_luz",28,5,2015,"Cistus","ladanifer","B2",NA,3,0,3,0,"Cistus ladanifer"
"Convento_de_la_luz",28,5,2015,"Cistus","ladanifer","B3",NA,0,2,0,0,"Cistus ladanifer"
"Convento_de_la_luz",28,5,2015,"Cistus","ladanifer","C1",NA,1,0,1,0,"Cistus ladanifer"
"Convento_de_la_luz",28,5,2015,"Cistus","ladanifer","C2",NA,1,0,0,0,"Cistus ladanifer"
"Convento_de_la_luz",28,5,2015,"Cistus","ladanifer","C3",NA,1,0,1,0,"Cistus ladanifer"
"Convento_de_la_luz",28,5,2015,"Halimium","halimifolium","A1",NA,4,1,0,0,"Halimium halimifolium"
"Convento_de_la_luz",28,5,2015,"Halimium","halimifolium","A2",NA,2,1,0,0,"Halimium halimifolium"
"Convento_de_la_luz",28,5,2015,"Halimium","halimifolium","A3",NA,6,2,0,0,"Halimium halimifolium"
"Convento_de_la_luz",28,5,2015,"Halimium","halimifolium","B1","fruto perdido",0,0,0,0,"Halimium halimifolium"
"Convento_de_la_luz",28,5,2015,"Halimium","halimifolium","B2","fruto perdido",0,0,0,0,"Halimium halimifolium"
"Convento_de_la_luz",28,5,2015,"Halimium","halimifolium","B3","fruto perdido",0,0,0,0,"Halimium halimifolium"
"Convento_de_la_luz",28,5,2015,"Teucrium","fruticans","A1",NA,24,0,0,21,"Teucrium fruticans"
"Convento_de_la_luz",28,5,2015,"Teucrium","fruticans","A2",NA,25,0,0,17,"Teucrium fruticans"
"Convento_de_la_luz",28,5,2015,"Teucrium","fruticans","A3",NA,37,0,0,37,"Teucrium fruticans"
"Convento_de_la_luz",28,5,2015,"Teucrium","fruticans","B1",NA,29,3,0,29,"Teucrium fruticans"
"Convento_de_la_luz",28,5,2015,"Teucrium","fruticans","B2",NA,33,1,0,33,"Teucrium fruticans"
"Convento_de_la_luz",28,5,2015,"Teucrium","fruticans","B3",NA,26,2,0,24,"Teucrium fruticans"
"Convento_de_la_luz",28,5,2015,"Teucrium","fruticans","C1",NA,31,3,0,29,"Teucrium fruticans"
"Convento_de_la_luz",28,5,2015,"Teucrium","fruticans","C2",NA,29,2,0,26,"Teucrium fruticans"
"Convento_de_la_luz",28,5,2015,"Teucrium","fruticans","C3",NA,36,0,0,36,"Teucrium fruticans"
"Convento_de_la_luz",28,5,2015,"Lavandula","stoechas","A1",NA,88,52,0,0,"Lavandula stoechas"
"Convento_de_la_luz",28,5,2015,"Lavandula","stoechas","A2",NA,102,29,0,0,"Lavandula stoechas"
"Convento_de_la_luz",28,5,2015,"Lavandula","stoechas","A3",NA,123,16,6,0,"Lavandula stoechas"
"Urbanizaciones",13,4,2015,"Salvia","rosmarinus","A1",NA,10,2,0,8,"Salvia rosmarinus"
"Urbanizaciones",13,4,2015,"Salvia","rosmarinus","A2",NA,17,0,0,16,"Salvia rosmarinus"
"Urbanizaciones",13,4,2015,"Salvia","rosmarinus","A3",NA,25,0,0,22,"Salvia rosmarinus"
"Urbanizaciones",13,4,2015,"Salvia","rosmarinus","B1",NA,41,2,0,35,"Salvia rosmarinus"
"Urbanizaciones",13,4,2015,"Salvia","rosmarinus","B2",NA,17,2,0,13,"Salvia rosmarinus"
"Urbanizaciones",13,4,2015,"Salvia","rosmarinus","B3",NA,25,1,0,19,"Salvia rosmarinus"
"Urbanizaciones",13,4,2015,"Salvia","rosmarinus","C1",NA,38,6,0,36,"Salvia rosmarinus"
"Urbanizaciones",13,4,2015,"Salvia","rosmarinus","C2",NA,26,12,0,26,"Salvia rosmarinus"
"Urbanizaciones",13,4,2015,"Salvia","rosmarinus","C3",NA,11,8,0,11,"Salvia rosmarinus"
"Urbanizaciones",11,6,2015,"Halimium","calycinum","A1",NA,1,3,0,0,"Halimium calycinum"
"Urbanizaciones",11,6,2015,"Halimium","calycinum","A2",NA,6,2,0,1,"Halimium calycinum"
"Urbanizaciones",11,6,2015,"Halimium","calycinum","A3","fruto perdido",0,0,0,0,"Halimium calycinum"
"Urbanizaciones",28,5,2015,"Halimium","calycinum","B1","fruto perdido",0,0,0,0,"Halimium calycinum"
"Urbanizaciones",28,5,2015,"Halimium","calycinum","B2",NA,0,2,0,0,"Halimium calycinum"
"Urbanizaciones",28,5,2015,"Halimium","calycinum","B3",NA,0,1,0,0,"Halimium calycinum"
"Urbanizaciones",28,5,2015,"Halimium","calycinum","C1","fruto perdido",0,0,0,0,"Halimium calycinum"
"Urbanizaciones",28,5,2015,"Halimium","calycinum","C2","fruto perdido",0,0,0,0,"Halimium calycinum"
"Urbanizaciones",28,5,2015,"Halimium","calycinum","C3",NA,3,2,1,1,"Halimium calycinum"
"Urbanizaciones",28,5,2015,"Halimium","calycinum","D1","fruto perdido",0,0,0,0,"Halimium calycinum"
"Urbanizaciones",28,5,2015,"Halimium","calycinum","D2","fruto perdido",0,0,0,0,"Halimium calycinum"
"Urbanizaciones",28,5,2015,"Halimium","calycinum","D3",NA,1,2,0,0,"Halimium calycinum"
"Urbanizaciones",28,5,2015,"Cistus","salviifolius","A1",NA,2,1,0,0,"Cistus salviifolius"
"Urbanizaciones",28,5,2015,"Cistus","salviifolius","A2",NA,1,0,0,0,"Cistus salviifolius"
"Urbanizaciones",28,5,2015,"Cistus","salviifolius","A3",NA,2,1,1,0,"Cistus salviifolius"
"Urbanizaciones",28,5,2015,"Cistus","salviifolius","B1",NA,5,0,2,0,"Cistus salviifolius"
"Urbanizaciones",28,5,2015,"Cistus","salviifolius","B2",NA,5,0,1,1,"Cistus salviifolius"
"Urbanizaciones",28,5,2015,"Cistus","salviifolius","B3",NA,8,0,0,1,"Cistus salviifolius"
"Urbanizaciones",28,5,2015,"Lavandula","stoechas","A1",NA,98,62,0,0,"Lavandula stoechas"
"Urbanizaciones",28,5,2015,"Lavandula","stoechas","A2",NA,123,40,21,0,"Lavandula stoechas"
"Urbanizaciones",28,5,2015,"Lavandula","stoechas","A3",NA,139,29,11,0,"Lavandula stoechas"
"Urbanizaciones",28,5,2015,"Lavandula","stoechas","B1",NA,125,41,5,0,"Lavandula stoechas"
"Urbanizaciones",28,5,2015,"Lavandula","stoechas","B2",NA,134,36,2,0,"Lavandula stoechas"
"Urbanizaciones",28,5,2015,"Lavandula","stoechas","B3",NA,111,51,0,0,"Lavandula stoechas"
"Urbanizaciones",28,5,2015,"Lavandula","stoechas","C1",NA,39,83,3,0,"Lavandula stoechas"
"Urbanizaciones",28,5,2015,"Lavandula","stoechas","C2",NA,22,91,0,0,"Lavandula stoechas"
"Urbanizaciones",28,5,2015,"Lavandula","stoechas","C3",NA,40,69,0,0,"Lavandula stoechas"
"El_pozo",13,4,2015,"Salvia","rosmarinus","A1",NA,41,9,0,10,"Salvia rosmarinus"
"El_pozo",13,4,2015,"Salvia","rosmarinus","A2",NA,27,3,0,12,"Salvia rosmarinus"
"El_pozo",13,4,2015,"Salvia","rosmarinus","A3",NA,24,5,0,20,"Salvia rosmarinus"
"El_pozo",13,4,2015,"Salvia","rosmarinus","B1",NA,26,2,0,10,"Salvia rosmarinus"
"El_pozo",13,4,2015,"Salvia","rosmarinus","B2",NA,22,5,0,18,"Salvia rosmarinus"
"El_pozo",13,4,2015,"Salvia","rosmarinus","B3",NA,14,6,0,9,"Salvia rosmarinus"
"El_pozo",27,5,2015,"Spartium","junceum","A1",NA,8,0,0,6,"Spartium junceum"
"El_pozo",27,5,2015,"Spartium","junceum","A2",NA,10,0,0,8,"Spartium junceum"
"El_pozo",27,5,2015,"Spartium","junceum","A3",NA,10,0,0,9,"Spartium junceum"
"El_pozo",27,5,2015,"Spartium","junceum","B1",NA,6,0,0,5,"Spartium junceum"
"El_pozo",27,5,2015,"Spartium","junceum","B2",NA,5,0,0,4,"Spartium junceum"
"El_pozo",27,5,2015,"Spartium","junceum","B3",NA,9,0,0,7,"Spartium junceum"
"Cotito_de_santa_teresa",14,4,2015,"Erophaca","baetica","A1",NA,2,7,1,0,"Erophaca baetica"
"Cotito_de_santa_teresa",14,4,2015,"Erophaca","baetica","A2",NA,5,11,5,0,"Erophaca baetica"
"Cotito_de_santa_teresa",14,4,2015,"Salvia","rosmarinus","A1",NA,20,1,0,15,"Salvia rosmarinus"
"Cotito_de_santa_teresa",14,4,2015,"Salvia","rosmarinus","A2",NA,21,0,0,6,"Salvia rosmarinus"
"Cotito_de_santa_teresa",14,4,2015,"Salvia","rosmarinus","A3",NA,29,0,0,8,"Salvia rosmarinus"
"Cotito_de_santa_teresa",14,4,2015,"Salvia","rosmarinus","B1",NA,16,9,0,10,"Salvia rosmarinus"
"Cotito_de_santa_teresa",14,4,2015,"Salvia","rosmarinus","B2",NA,11,6,0,9,"Salvia rosmarinus"
"Cotito_de_santa_teresa",14,4,2015,"Salvia","rosmarinus","B3",NA,15,0,0,15,"Salvia rosmarinus"
"Cotito_de_santa_teresa",29,5,2015,"Cistus","salviifolius","A1",NA,7,0,3,0,"Cistus salviifolius"
"Cotito_de_santa_teresa",29,5,2015,"Cistus","salviifolius","A2",NA,6,0,2,0,"Cistus salviifolius"
"Cotito_de_santa_teresa",29,5,2015,"Cistus","salviifolius","A3",NA,11,2,2,0,"Cistus salviifolius"
"Cotito_de_santa_teresa",29,5,2015,"Cistus","salviifolius","B1",NA,4,2,0,0,"Cistus salviifolius"
"Cotito_de_santa_teresa",29,5,2015,"Cistus","salviifolius","B2",NA,4,0,1,0,"Cistus salviifolius"
"Cotito_de_santa_teresa",29,5,2015,"Cistus","salviifolius","B3","fruto perdido",0,0,0,0,"Cistus salviifolius"
"Cotito_de_santa_teresa",29,5,2015,"Cistus","albidus","A1",NA,2,2,0,0,"Cistus albidus"
"Cotito_de_santa_teresa",29,5,2015,"Cistus","albidus","A2",NA,5,5,2,0,"Cistus albidus"
"Cotito_de_santa_teresa",29,5,2015,"Cistus","albidus","A3",NA,0,2,0,0,"Cistus albidus"
"Cotito_de_santa_teresa",29,5,2015,"Cistus","albidus","B1",NA,5,3,5,0,"Cistus albidus"
"Cotito_de_santa_teresa",29,5,2015,"Cistus","albidus","B2",NA,4,4,3,0,"Cistus albidus"
"Cotito_de_santa_teresa",29,5,2015,"Cistus","albidus","B3",NA,7,2,4,0,"Cistus albidus"
"Cotito_de_santa_teresa",29,5,2015,"Lavandula","stoechas","A1",NA,112,10,0,0,"Lavandula stoechas"
"Cotito_de_santa_teresa",29,5,2015,"Lavandula","stoechas","A2",NA,136,9,0,0,"Lavandula stoechas"
"Cotito_de_santa_teresa",29,5,2015,"Lavandula","stoechas","A3",NA,49,43,0,0,"Lavandula stoechas"
"Las_mulas",9,6,2015,"Cistus","libanotis","A1",NA,7,6,0,0,"Cistus libanotis"
"Las_mulas",9,6,2015,"Cistus","libanotis","A2",NA,6,0,5,0,"Cistus libanotis"
"Las_mulas",9,6,2015,"Cistus","libanotis","A3",NA,22,3,19,0,"Cistus libanotis"
"Las_mulas",9,6,2015,"Cistus","libanotis","B1",NA,10,0,8,0,"Cistus libanotis"
"Las_mulas",9,6,2015,"Cistus","libanotis","B2",NA,3,0,0,1,"Cistus libanotis"
"Las_mulas",9,6,2015,"Cistus","libanotis","B3",NA,9,1,4,0,"Cistus libanotis"
"Las_mulas",9,6,2015,"Lavandula","stoechas","A1",NA,130,15,0,0,"Lavandula stoechas"
"Las_mulas",9,6,2015,"Lavandula","stoechas","A2",NA,109,33,0,0,"Lavandula stoechas"
"Las_mulas",9,6,2015,"Lavandula","stoechas","A3",NA,113,40,0,0,"Lavandula stoechas"
"Las_mulas",9,6,2015,"Lavandula","stoechas","B1",NA,103,34,0,0,"Lavandula stoechas"
"Las_mulas",9,6,2015,"Lavandula","stoechas","B2",NA,107,21,0,0,"Lavandula stoechas"
"Las_mulas",9,6,2015,"Lavandula","stoechas","B3",NA,82,31,0,0,"Lavandula stoechas"
"Las_mulas",9,6,2015,"Lavandula","stoechas","C1",NA,53,30,47,0,"Lavandula stoechas"
"Las_mulas",9,6,2015,"Lavandula","stoechas","C2",NA,36,53,0,0,"Lavandula stoechas"
"Las_mulas",9,6,2015,"Lavandula","stoechas","C3",NA,64,11,39,0,"Lavandula stoechas"
"Las_mulas",9,6,2015,"Cistus","ladanifer","A1",NA,1,0,0,0,"Cistus ladanifer"
"Las_mulas",9,6,2015,"Cistus","ladanifer","A2",NA,2,0,0,0,"Cistus ladanifer"
"Las_mulas",9,6,2015,"Cistus","ladanifer","A3",NA,2,0,0,0,"Cistus ladanifer"
"Las_mulas",9,6,2015,"Cistus","ladanifer","B1",NA,1,0,1,0,"Cistus ladanifer"
"Las_mulas",9,6,2015,"Cistus","ladanifer","B2",NA,1,0,0,0,"Cistus ladanifer"
"Las_mulas",9,6,2015,"Cistus","ladanifer","B3",NA,1,0,0,0,"Cistus ladanifer"
"Las_mulas",9,6,2015,"Halimium","calycinum","A1","frutos perdidos",0,0,0,0,"Halimium calycinum"
"Las_mulas",9,6,2015,"Halimium","calycinum","A2","frutos perdidos",0,0,0,0,"Halimium calycinum"
"Las_mulas",9,6,2015,"Halimium","calycinum","A3",NA,2,3,0,0,"Halimium calycinum"
"Las_mulas",9,6,2015,"Halimium","calycinum","B1","frutos perdidos",0,0,0,0,"Halimium calycinum"
"Las_mulas",9,6,2015,"Halimium","calycinum","B2",NA,3,2,0,1,"Halimium calycinum"
"Las_mulas",9,6,2015,"Halimium","calycinum","B3","frutos perdidos",0,0,0,0,"Halimium calycinum"
"Las_mulas",9,6,2015,"Cistus","salviifolius","A1",NA,5,0,3,0,"Cistus salviifolius"
"Las_mulas",9,6,2015,"Cistus","salviifolius","A2",NA,1,0,0,0,"Cistus salviifolius"
"Las_mulas",9,6,2015,"Cistus","salviifolius","A3",NA,1,0,0,0,"Cistus salviifolius"
"Las_mulas",9,6,2015,"Cistus","salviifolius","B1",NA,6,0,2,0,"Cistus salviifolius"
"Las_mulas",9,6,2015,"Cistus","salviifolius","B2",NA,0,2,0,0,"Cistus salviifolius"
"Las_mulas",9,6,2015,"Cistus","salviifolius","B3","frutos perdidos",0,0,0,0,"Cistus salviifolius"
"Las_mulas",9,6,2015,"Cistus","salviifolius","C1",NA,1,0,0,0,"Cistus salviifolius"
"Las_mulas",9,6,2015,"Cistus","salviifolius","C2",NA,0,1,0,0,"Cistus salviifolius"
"Las_mulas",9,6,2015,"Cistus","salviifolius","C3","frutos perdidos",0,0,0,0,"Cistus salviifolius"
"Villamanrique_este",9,6,2015,"Cistus","salviifolius","A1",NA,3,0,0,0,"Cistus salviifolius"
"Villamanrique_este",9,6,2015,"Cistus","salviifolius","A2",NA,3,2,0,0,"Cistus salviifolius"
"Villamanrique_este",9,6,2015,"Cistus","salviifolius","A3",NA,0,1,0,0,"Cistus salviifolius"
"Villamanrique_sur",9,6,2015,"Halimium","halimifolium","A1",NA,6,6,0,0,"Halimium halimifolium"
"Villamanrique_sur",9,6,2015,"Halimium","halimifolium","A2",NA,8,1,0,0,"Halimium halimifolium"
"Villamanrique_sur",9,6,2015,"Halimium","halimifolium","A3",NA,5,5,0,0,"Halimium halimifolium"
"Villamanrique_sur",9,6,2015,"Halimium","halimifolium","B1",NA,6,7,0,0,"Halimium halimifolium"
"Villamanrique_sur",9,6,2015,"Halimium","halimifolium","B2",NA,4,9,0,0,"Halimium halimifolium"
"Villamanrique_sur",9,6,2015,"Halimium","halimifolium","B3",NA,9,5,0,0,"Halimium halimifolium"
"Villamanrique_sur",9,6,2015,"Cistus","crispus","A1",NA,6,6,1,0,"Cistus crispus"
"Villamanrique_sur",9,6,2015,"Cistus","crispus","A2","frutos perdidos",0,0,0,0,"Cistus crispus"
"Villamanrique_sur",9,6,2015,"Cistus","crispus","B1",NA,7,2,5,0,"Cistus crispus"
"Villamanrique_sur",9,6,2015,"Cistus","crispus","B2",NA,10,6,3,0,"Cistus crispus"
"Villamanrique_sur",9,6,2015,"Cistus","ladanifer","A1",NA,3,2,1,0,"Cistus ladanifer"
"Villamanrique_sur",9,6,2015,"Cistus","ladanifer","A2",NA,0,1,0,0,"Cistus ladanifer"
"Villamanrique_sur",9,6,2015,"Cistus","ladanifer","A3","frutos perdidos",0,0,0,0,"Cistus ladanifer"
"Villamanrique_sur",9,6,2015,"Cistus","ladanifer","B1",NA,1,0,0,0,"Cistus ladanifer"
"Villamanrique_sur",9,6,2015,"Cistus","ladanifer","B2",NA,0,1,0,0,"Cistus ladanifer"
"Villamanrique_sur",9,6,2015,"Cistus","ladanifer","B3",NA,1,2,1,0,"Cistus ladanifer"
"Villamanrique_sur",9,6,2015,"Cistus","ladanifer","C1",NA,6,0,3,0,"Cistus ladanifer"
"Villamanrique_sur",9,6,2015,"Cistus","ladanifer","C2",NA,1,1,1,0,"Cistus ladanifer"
"Villamanrique_sur",9,6,2015,"Cistus","ladanifer","C3","frutos perdidos",0,0,0,0,"Cistus ladanifer"
"Villamanrique_sur",9,6,2015,"Lavandula","stoechas","A1","frutos perdidos",0,0,0,0,"Lavandula stoechas"
"Villamanrique_sur",9,6,2015,"Lavandula","stoechas","A2","frutos perdidos",0,0,0,0,"Lavandula stoechas"
"Villamanrique_sur",9,6,2015,"Lavandula","stoechas","A3",NA,108,15,6,0,"Lavandula stoechas"
"Villamanrique_sur",9,6,2015,"Lavandula","stoechas","B1",NA,162,22,2,0,"Lavandula stoechas"
"Villamanrique_sur",9,6,2015,"Lavandula","stoechas","B2",NA,149,39,0,0,"Lavandula stoechas"
"Villamanrique_sur",9,6,2015,"Lavandula","stoechas","B3","frutos perdidos",0,0,0,0,"Lavandula stoechas"
"El_pinar",14,4,2015,"Salvia","rosmarinus","A1",NA,19,0,0,15,"Salvia rosmarinus"
"El_pinar",14,4,2015,"Salvia","rosmarinus","A2",NA,7,0,0,5,"Salvia rosmarinus"
"El_pinar",14,4,2015,"Salvia","rosmarinus","A3",NA,7,1,0,4,"Salvia rosmarinus"
"El_pinar",14,4,2015,"Salvia","rosmarinus","B1",NA,8,9,0,6,"Salvia rosmarinus"
"El_pinar",14,4,2015,"Salvia","rosmarinus","B2",NA,13,5,0,11,"Salvia rosmarinus"
"El_pinar",14,4,2015,"Salvia","rosmarinus","B3",NA,22,3,0,19,"Salvia rosmarinus"
"El_pinar",14,4,2015,"Salvia","rosmarinus","C1",NA,1,0,0,0,"Salvia rosmarinus"
"El_pinar",14,4,2015,"Salvia","rosmarinus","C2","frutos perdidos",0,0,0,0,"Salvia rosmarinus"
"El_pinar",14,4,2015,"Salvia","rosmarinus","C3",NA,14,2,0,11,"Salvia rosmarinus"
"Pinares_de_hinojos",28,5,2015,"Cistus","libanotis","A1",NA,2,0,0,1,"Cistus libanotis"
"Pinares_de_hinojos",28,5,2015,"Cistus","libanotis","A2",NA,3,0,0,1,"Cistus libanotis"
"Pinares_de_hinojos",28,5,2015,"Cistus","libanotis","A3",NA,3,0,0,1,"Cistus libanotis"
"Pinares_de_hinojos",28,5,2015,"Cistus","libanotis","B1",NA,2,0,0,0,"Cistus libanotis"
"Pinares_de_hinojos",28,5,2015,"Cistus","libanotis","B2",NA,7,0,0,3,"Cistus libanotis"
"Pinares_de_hinojos",28,5,2015,"Cistus","libanotis","B3",NA,8,0,0,1,"Cistus libanotis"
"Pinares_de_hinojos",28,5,2015,"Cistus","salviifolius","A1",NA,3,0,0,1,"Cistus salviifolius"
"Pinares_de_hinojos",28,5,2015,"Cistus","salviifolius","A2",NA,5,0,0,4,"Cistus salviifolius"
"Pinares_de_hinojos",28,5,2015,"Cistus","salviifolius","A3",NA,4,3,0,3,"Cistus salviifolius"
"Pinares_de_hinojos",28,5,2015,"Cistus","salviifolius","B1",NA,2,0,0,0,"Cistus salviifolius"
"Pinares_de_hinojos",28,5,2015,"Cistus","salviifolius","B2",NA,4,0,0,1,"Cistus salviifolius"
"Pinares_de_hinojos",28,5,2015,"Cistus","salviifolius","B3",NA,7,0,0,1,"Cistus salviifolius"
"Pinares_de_hinojos",11,6,2015,"Retama","sphaerocarpa","B1","frutos perdidos",0,0,0,0,"Retama sphaerocarpa"
"Pinares_de_hinojos",11,6,2015,"Retama","sphaerocarpa","B2",NA,16,0,0,15,"Retama sphaerocarpa"
"Esparragal",27,5,2015,"Halimium","calycinum","A1",NA,0,2,0,0,"Halimium calycinum"
"Esparragal",27,5,2015,"Halimium","calycinum","A2",NA,0,1,0,0,"Halimium calycinum"
"Esparragal",27,5,2015,"Halimium","calycinum","A3",NA,0,6,0,0,"Halimium calycinum"
"Esparragal",27,5,2015,"Halimium","calycinum","B1",NA,1,0,0,1,"Halimium calycinum"
"Esparragal",27,5,2015,"Halimium","calycinum","B2",NA,0,1,0,0,"Halimium calycinum"
"Esparragal",27,5,2015,"Halimium","calycinum","B3",NA,0,1,0,0,"Halimium calycinum"
"Esparragal",27,5,2015,"Halimium","calycinum","C1","frutos perdidos",0,0,0,0,"Halimium calycinum"
"Esparragal",27,5,2015,"Halimium","calycinum","C2",NA,1,0,0,1,"Halimium calycinum"
"Esparragal",27,5,2015,"Halimium","calycinum","C3","frutos perdidos",0,0,0,0,"Halimium calycinum"
"Esparragal",27,5,2015,"Halimium","halimifolium","A1",NA,5,0,0,2,"Halimium halimifolium"
"Esparragal",27,5,2015,"Halimium","halimifolium","A2",NA,3,0,0,1,"Halimium halimifolium"
"Esparragal",27,5,2015,"Halimium","halimifolium","A3",NA,4,0,0,2,"Halimium halimifolium"
"Esparragal",27,5,2015,"Cistus","salviifolius","A1",NA,2,3,0,0,"Cistus salviifolius"
"Esparragal",27,5,2015,"Cistus","salviifolius","A2",NA,4,0,1,2,"Cistus salviifolius"
"Esparragal",27,5,2015,"Cistus","salviifolius","A3",NA,3,0,1,1,"Cistus salviifolius"
"Esparragal",27,5,2015,"Lavandula","pedunculata","A1",NA,98,38,2,0,"Lavandula pedunculata"
"Esparragal",27,5,2015,"Lavandula","pedunculata","A2",NA,119,20,9,0,"Lavandula pedunculata"
"Esparragal",27,5,2015,"Lavandula","pedunculata","A3",NA,142,15,20,0,"Lavandula pedunculata"
"Esparragal",27,5,2015,"Lavandula","pedunculata","B1",NA,91,12,11,48,"Lavandula pedunculata"
"Esparragal",27,5,2015,"Lavandula","pedunculata","B2",NA,83,30,21,0,"Lavandula pedunculata"
"Esparragal",27,5,2015,"Lavandula","pedunculata","B3",NA,84,39,13,0,"Lavandula pedunculata"
"Villamanrique_este",26,6,2016,"Cistus","salviifolius","A1",NA,3,0,1,0,"Cistus salviifolius"
"Villamanrique_este",26,6,2016,"Cistus","salviifolius","B1",NA,1,0,1,0,"Cistus salviifolius"
"Villamanrique_este",26,6,2016,"Cistus","crispus","A1",NA,4,0,0,0,"Cistus crispus"
"Villamanrique_este",26,6,2016,"Cistus","crispus","B1",NA,3,4,0,0,"Cistus crispus"
"Villamanrique_este",26,6,2016,"Cistus","ladanifer","A1",NA,2,0,1,2,"Cistus ladanifer"
"Villamanrique_este",26,6,2016,"Cistus","ladanifer","B1",NA,1,0,1,0,"Cistus ladanifer"
"La_cunya",24,6,2016,"Lavandula","pedunculata","A1",NA,75,18,24,0,"Lavandula pedunculata"
"La_cunya",24,6,2016,"Cistus","salviifolius","A1",NA,0,0,3,0,"Cistus salviifolius"
"La_cunya",24,6,2016,"Cistus","salviifolius","B1",NA,3,0,0,0,"Cistus salviifolius"
"La_rocina",26,6,2016,"Halimium","halimifolium","A1",NA,0,13,3,0,"Halimium halimifolium"
"La_rocina",26,6,2016,"Halimium","halimifolium","B1",NA,10,4,4,0,"Halimium halimifolium"
"La_rocina",26,6,2016,"Salvia","rosmarinus","A1","No hay frutos, he contado los pedicelos de un pedunculo, 17",0,0,0,0,"Salvia rosmarinus"
"La_rocina",26,6,2016,"Lavandula",NA,"A1",NA,77,6,11,0,"Lavandula sp"
"La_rocina",26,6,2016,"Lavandula",NA,"B1",NA,35,10,1,0,"Lavandula sp"
"Aznalcazar",24,6,2016,"Teucrium","fruticans","A1",NA,0,9,0,0,"Teucrium fruticans"
"Aznalcazar",24,6,2016,"Teucrium","fruticans","B1",NA,0,12,0,0,"Teucrium fruticans"
"Aznalcazar",24,6,2016,"Cistus","ladanifer","A1",NA,1,0,2,0,"Cistus ladanifer"
"Aznalcazar",24,6,2016,"Cistus","ladanifer","B1",NA,2,1,1,0,"Cistus ladanifer"
"Aznalcazar",28,6,2016,"Cistus","salviifolius","A1",NA,3,0,0,0,"Cistus salviifolius"
"Aznalcazar",28,6,2016,"Cistus","salviifolius","B1",NA,2,0,0,0,"Cistus salviifolius"
"Aznalcazar",28,6,2016,"Cistus","salviifolius","C1",NA,2,1,0,0,"Cistus salviifolius"
"Aznalcazar",24,6,2016,"Lavandula","pedunculata","A1",NA,113,11,2,0,"Lavandula pedunculata"
"Aznalcazar",24,6,2016,"Lavandula","pedunculata","B1",NA,81,0,0,0,"Lavandula pedunculata"
"Villamanrique_sur",26,6,2016,"Cistus","salviifolius","A1",NA,0,0,2,0,"Cistus salviifolius"
"Villamanrique_sur",26,6,2016,"Cistus","salviifolius","B1",NA,2,0,0,0,"Cistus salviifolius"
"Villamanrique_sur",26,6,2016,"Salvia","rosmarinus","A1",NA,3,3,0,0,"Salvia rosmarinus"
"Villamanrique_sur",26,6,2016,"Salvia","rosmarinus","B1",NA,1,0,0,0,"Salvia rosmarinus"
"Villamanrique_sur",26,6,2016,"Cistus","ladanifer","A1",NA,3,0,0,0,"Cistus ladanifer"
"Villamanrique_sur",26,6,2016,"Cistus","ladanifer","B1",NA,2,0,1,0,"Cistus ladanifer"
"Villamanrique_sur",26,6,2016,"Halimium","halimifolium","A1",NA,5,0,1,0,"Halimium halimifolium"
"Villamanrique_sur",26,6,2016,"Halimium","halimifolium","B1",NA,2,2,0,0,"Halimium halimifolium"
"Convento_de_la_luz",29,6,2016,"Cistus","ladanifer","A1",NA,1,0,1,0,"Cistus ladanifer"
"Convento_de_la_luz",29,6,2016,"Cistus","ladanifer","B1",NA,1,0,0,0,"Cistus ladanifer"
"Convento_de_la_luz",29,6,2016,"Lavandula","pedunculata","A1",NA,131,3,3,0,"Lavandula pedunculata"
"Convento_de_la_luz",29,6,2016,"Lavandula","pedunculata","B1",NA,111,12,0,0,"Lavandula pedunculata"
"Convento_de_la_luz",29,6,2016,"Halimium","halimifolium","A1",NA,11,1,0,0,"Halimium halimifolium"
"Convento_de_la_luz",29,6,2016,"Halimium","halimifolium","B1",NA,2,4,0,4,"Halimium halimifolium"
"Convento_de_la_luz",29,6,2016,"Teucrium","fruticans","A1",NA,0,10,0,0,"Teucrium fruticans"
"Convento_de_la_luz",29,6,2016,"Teucrium","fruticans","B1",NA,5,1,0,0,"Teucrium fruticans"
"Convento_de_la_luz",29,6,2016,"Cistus","salviifolius","A1",NA,2,0,1,0,"Cistus salviifolius"
"Convento_de_la_luz",29,6,2016,"Cistus","salviifolius","B1",NA,0,0,3,1,"Cistus salviifolius"
"Niebla",29,6,2016,"Cistus","ladanifer","A1",NA,1,0,0,0,"Cistus ladanifer"
"Niebla",29,6,2016,"Cistus","ladanifer","B1",NA,3,0,0,0,"Cistus ladanifer"
"Niebla",29,6,2016,"Cistus","crispus","A1",NA,4,1,0,0,"Cistus crispus"
"Niebla",29,6,2016,"Cistus","crispus","B1",NA,4,0,0,1,"Cistus crispus"
"Niebla",29,6,2016,"Lavandula","pedunculata","A1",NA,100,17,0,0,"Lavandula pedunculata"
"Niebla",29,6,2016,"Lavandula","pedunculata","B1",NA,99,20,0,0,"Lavandula pedunculata"
"Niebla",29,6,2016,"Asphodelus","fistulosus","A1",NA,5,3,5,0,"Asphodelus fistulosus"
"Niebla",29,6,2016,"Asphodelus","fistulosus","B1",NA,5,0,12,0,"Asphodelus fistulosus"
"Niebla",29,6,2016,"Cistus","monspeliensis","A1",NA,3,0,0,1,"Cistus monspeliensis"
"Niebla",29,6,2016,"Cistus","monspeliensis","B1",NA,5,0,0,0,"Cistus monspeliensis"
"Bonares",29,6,2016,"Cistus","crispus","A1",NA,8,2,3,0,"Cistus crispus"
"Bonares",29,6,2016,"Cistus","crispus","B1",NA,3,4,1,0,"Cistus crispus"
"Bonares",29,6,2016,"Cistus","salviifolius","A1",NA,1,0,0,0,"Cistus salviifolius"
"Bonares",29,6,2016,"Cistus","salviifolius","B1",NA,1,0,0,0,"Cistus salviifolius"
"Bonares",29,6,2016,"Halimium","calycinum","A1",NA,2,0,0,2,"Halimium calycinum"
"Bonares",29,6,2016,"Cistus","ladanifer","A1",NA,0,0,1,0,"Cistus ladanifer"
"Bonares",29,6,2016,"Lavandula","stoechas","A1",NA,116,13,5,0,"Lavandula stoechas"
"Bonares",29,6,2016,"Lavandula","stoechas","B1",NA,97,9,4,0,"Lavandula stoechas"
"Las_mulas",27,6,2016,"Halimium","halimifolium","A1",NA,2,0,0,0,"Halimium halimifolium"
"Las_mulas",27,6,2016,"Halimium","halimifolium","B1",NA,2,0,2,0,"Halimium halimifolium"
"Las_mulas",27,6,2016,"Cistus","ladanifer","A1",NA,1,0,2,0,"Cistus ladanifer"
"Las_mulas",27,6,2016,"Cistus","ladanifer","B1",NA,3,0,0,0,"Cistus ladanifer"
"Las_mulas",27,6,2016,"Cistus","crispus","A1",NA,8,1,0,1,"Cistus crispus"
"Las_mulas",27,6,2016,"Cistus","crispus","B1",NA,4,2,0,0,"Cistus crispus"
"Las_mulas",27,6,2016,"Lavandula","stoechas","A1",NA,123,9,1,0,"Lavandula stoechas"
"Las_mulas",27,6,2016,"Lavandula","stoechas","B1",NA,102,6,0,0,"Lavandula stoechas"
"Las_mulas",27,6,2016,"Cistus","salviifolius","A1",NA,1,0,3,0,"Cistus salviifolius"
"Las_mulas",27,6,2016,"Cistus","salviifolius","B1",NA,3,0,0,0,"Cistus salviifolius"
"Pinares_de_hinojos",27,6,2016,"Cistus","salviifolius","A1",NA,2,0,0,0,"Cistus salviifolius"
"Pinares_de_hinojos",27,6,2016,"Cistus","salviifolius","B1",NA,2,0,0,0,"Cistus salviifolius"
"Pinares_de_hinojos",27,6,2016,"Cistus","libanotis","A1",NA,5,0,1,0,"Cistus libanotis"
"Pinares_de_hinojos",27,6,2016,"Cistus","libanotis","B1",NA,5,0,0,0,"Cistus libanotis"
"Pinares_de_hinojos",27,6,2016,"Halimium","halimifolium","A1",NA,5,0,0,0,"Halimium halimifolium"
"El_hongo",27,6,2016,"Cistus","salviifolius","A1",NA,4,0,0,0,"Cistus salviifolius"
"El_hongo",27,6,2016,"Cistus","salviifolius","B1",NA,1,0,1,0,"Cistus salviifolius"
"El_hongo",27,6,2016,"Cistus","albidus","A1",NA,2,0,3,0,"Cistus albidus"
"El_hongo",27,6,2016,"Cistus","crispus","A1",NA,0,3,1,0,"Cistus crispus"
"El_hongo",27,6,2016,"Cistus","crispus","B1",NA,1,1,0,0,"Cistus crispus"
"El_hongo",27,6,2016,"Lavandula","stoechas","A1",NA,97,12,0,0,"Lavandula stoechas"
"El_hongo",27,6,2016,"Lavandula","stoechas","B1",NA,113,19,4,0,"Lavandula stoechas"
"Pino_del_cuervo",28,6,2016,"Cistus","ladanifer","A1",NA,1,0,0,0,"Cistus ladanifer"
"Pino_del_cuervo",28,6,2016,"Cistus","ladanifer","B1",NA,0,0,1,0,"Cistus ladanifer"
"Pino_del_cuervo",28,6,2016,"Cistus","crispus","A1",NA,6,0,2,0,"Cistus crispus"
"Pino_del_cuervo",28,6,2016,"Cistus","crispus","B1",NA,6,4,0,0,"Cistus crispus"
"Pino_del_cuervo",28,6,2016,"Cistus","salviifolius","A1",NA,0,0,1,0,"Cistus salviifolius"
"Pino_del_cuervo",28,6,2016,"Cistus","salviifolius","B1",NA,0,0,2,0,"Cistus salviifolius"
"Pino_del_cuervo",28,6,2016,"Lavandula","stoechas","A1",NA,125,6,16,0,"Lavandula stoechas"
"Pino_del_cuervo",28,6,2016,"Lavandula","stoechas","B1",NA,87,10,11,0,"Lavandula stoechas"
"Urbanizaciones",28,6,2016,"Cistus","crispus","A1",NA,6,2,0,0,"Cistus crispus"
"Urbanizaciones",28,6,2016,"Cistus","crispus","B1",NA,6,1,0,0,"Cistus crispus"
"Urbanizaciones",28,6,2016,"Cistus","salviifolius","A1",NA,2,0,1,0,"Cistus salviifolius"
"Urbanizaciones",28,6,2016,"Cistus","salviifolius","B1",NA,4,0,1,0,"Cistus salviifolius"
"Urbanizaciones",28,6,2016,"Lavandula","pedunculata","A1",NA,67,6,3,0,"Lavandula pedunculata"
"Urbanizaciones",28,6,2016,"Halimium","calycinum","A1",NA,0,0,0,1,"Halimium calycinum"
"Urbanizaciones",28,6,2016,"Halimium","halimifolium","A1",NA,2,2,0,0,"Halimium halimifolium"
"Urbanizaciones",28,6,2016,"Halimium","halimifolium","B1",NA,2,1,0,0,"Halimium halimifolium"
"Urbanizaciones",28,6,2016,"Lavandula","stoechas","A1",NA,73,19,1,0,"Lavandula stoechas"
"Urbanizaciones",28,6,2016,"Lavandula","stoechas","B1",NA,123,5,3,0,"Lavandula stoechas"
"Esparragal",28,6,2016,"Halimium","calycinum","A1",NA,2,0,0,1,"Halimium calycinum"
"Esparragal",28,6,2016,"Halimium","calycinum","B1",NA,2,0,0,1,"Halimium calycinum"
"Esparragal",28,6,2016,"Cistus","crispus","A1",NA,4,1,1,0,"Cistus crispus"
"Esparragal",28,6,2016,"Cistus","crispus","B1",NA,2,3,1,0,"Cistus crispus"
"Esparragal",28,6,2016,"Cistus","salviifolius","A1",NA,4,0,0,0,"Cistus salviifolius"
"Esparragal",28,6,2016,"Cistus","salviifolius","B1",NA,0,0,4,0,"Cistus salviifolius"
"Esparragal",28,6,2016,"Halimium","halimifolium","A1",NA,6,1,0,0,"Halimium halimifolium"
"Esparragal",28,6,2016,"Halimium","halimifolium","B1",NA,6,0,0,0,"Halimium halimifolium"
"Esparragal",28,6,2016,"Lavandula","stoechas","A1",NA,95,6,4,0,"Lavandula stoechas"
"Esparragal",28,6,2016,"Lavandula","stoechas","B1",NA,46,6,16,0,"Lavandula stoechas"
"El_pozo",28,6,2016,"Cistus","salviifolius","A1",NA,2,0,1,0,"Cistus salviifolius"
"El_pozo",28,6,2016,"Cistus","salviifolius","B1",NA,1,0,1,0,"Cistus salviifolius"
"El_pozo",28,6,2016,"Halimium","halimifolium","A1",NA,5,0,0,0,"Halimium halimifolium"
"El_pozo",28,6,2016,"Halimium","halimifolium","B1",NA,2,0,0,0,"Halimium halimifolium"
"El_pozo",28,6,2016,"Salvia","rosmarinus","A1","todas las semillas dispersadas, no se sabe cuantos frutos hay, est√°n deshechos",0,0,0,0,"Salvia rosmarinus"
"El_pozo",28,6,2016,"Salvia","rosmarinus","B1",NA,0,2,0,0,"Salvia rosmarinus"
"El_pozo",28,6,2016,"Cistus","ladanifer","A1",NA,0,0,1,0,"Cistus ladanifer"
"El_pozo",28,6,2016,"Cistus","ladanifer","B1",NA,0,0,1,0,"Cistus ladanifer"
"El_pozo",8,5,2017,"Erica","ciliaris","EC1",NA,37,1,0,0,"Erica ciliaris"
"El_pozo",8,5,2017,"Erica","ciliaris","EC2",NA,0,109,0,61,"Erica ciliaris"
"El_pozo",8,5,2017,"Erica","ciliaris","EC3",NA,0,30,0,24,"Erica ciliaris"
"El_pozo",13,6,2017,"Cistus","crispus","CC1",NA,0,7,0,0,"Cistus crispus"
"El_pozo",13,6,2017,"Cistus","crispus","CC2",NA,0,2,3,0,"Cistus crispus"
"Niebla",21,4,2017,"Erophaca","baetica","EB1",NA,1,1,0,0,"Erophaca baetica"
"Niebla",21,4,2017,"Erophaca","baetica","EB2",NA,5,0,0,0,"Erophaca baetica"
"Niebla",8,5,2017,"Lavandula","stoechas","LS1",NA,92,41,2,0,"Lavandula stoechas"
"Niebla",8,5,2017,"Lavandula","stoechas","LS2",NA,44,38,0,0,"Lavandula stoechas"
"Niebla",13,6,2017,"Cistus","crispus","CC1",NA,5,2,0,0,"Cistus crispus"
"Niebla",13,6,2017,"Cistus","crispus","CC2",NA,2,5,0,0,"Cistus crispus"
"El_hongo",15,5,2017,"Cistus","salviifolius","CS1",NA,2,0,0,1,"Cistus salviifolius"
"El_hongo",15,5,2017,"Cistus","salviifolius","CS2",NA,3,0,1,0,"Cistus salviifolius"
"El_hongo",15,5,2017,"Cistus","salviifolius","CS3",NA,3,0,0,0,"Cistus salviifolius"
"El_hongo",15,5,2017,"Cistus","albidus","CA1",NA,6,0,0,0,"Cistus albidus"
"El_hongo",15,5,2017,"Cistus","albidus","CA2",NA,3,0,2,0,"Cistus albidus"
"El_hongo",13,6,2017,"Cistus","crispus","CC1",NA,4,0,1,1,"Cistus crispus"
"El_hongo",13,6,2017,"Cistus","crispus","CC2",NA,3,0,1,1,"Cistus crispus"
"El_hongo",13,6,2017,"Lavandula","pedunculata","LP1",NA,35,69,20,0,"Lavandula pedunculata"
"El_hongo",13,6,2017,"Lavandula","pedunculata","LP2",NA,17,93,25,0,"Lavandula pedunculata"
"Villamanrique_este",16,5,2017,"Cistus","salviifolius","CS1",NA,1,0,2,0,"Cistus salviifolius"
"Villamanrique_este",16,5,2017,"Cistus","salviifolius","CS2",NA,2,0,1,0,"Cistus salviifolius"
"Villamanrique_este",12,6,2017,"Cistus","crispus","CC1",NA,3,1,1,0,"Cistus crispus"
"Villamanrique_este",12,6,2017,"Cistus","crispus","CC2",NA,2,0,0,2,"Cistus crispus"
"Urbanizaciones",8,5,2017,"Halimium","calycinum","HC1",NA,4,0,0,1,"Halimium calycinum"
"Urbanizaciones",8,5,2017,"Halimium","calycinum","HC2",NA,7,0,0,0,"Halimium calycinum"
"Urbanizaciones",13,6,2017,"Cistus","crispus","CC1",NA,1,2,2,0,"Cistus crispus"
"Urbanizaciones",13,6,2017,"Cistus","crispus","CC2",NA,3,1,1,0,"Cistus crispus"
"Urbanizaciones",20,4,2017,"Salvia","rosmarinus","RO1",NA,0,2,1,0,"Salvia rosmarinus"
"Urbanizaciones",20,4,2017,"Salvia","rosmarinus","RO2",NA,0,26,2,2,"Salvia rosmarinus"
"Urbanizaciones",20,4,2017,"Salvia","rosmarinus","RO3",NA,0,40,0,12,"Salvia rosmarinus"
"Pinares_de_hinojos",12,6,2017,"Halimium","halimifolium","HH1",NA,4,1,0,1,"Halimium halimifolium"
"Pinares_de_hinojos",12,6,2017,"Halimium","halimifolium","HH2",NA,9,0,0,0,"Halimium halimifolium"
"Pino_del_cuervo",18,5,2017,"Cistus","ladanifer","CL1",NA,1,0,1,0,"Cistus ladanifer"
"Pino_del_cuervo",18,5,2017,"Cistus","ladanifer","CL2",NA,3,0,2,0,"Cistus ladanifer"
"Pino_del_cuervo",18,5,2017,"Cistus","salviifolius","CS1",NA,2,1,3,0,"Cistus salviifolius"
"Pino_del_cuervo",18,5,2017,"Cistus","salviifolius","CS2",NA,3,0,2,0,"Cistus salviifolius"
"Pino_del_cuervo",18,5,2017,"Cistus","salviifolius","CS3",NA,5,0,1,0,"Cistus salviifolius"
"Pino_del_cuervo",8,6,2017,"Cistus","crispus","CC1",NA,6,2,0,0,"Cistus crispus"
"Pino_del_cuervo",8,6,2017,"Cistus","crispus","CC2",NA,5,5,3,0,"Cistus crispus"
"Pino_del_cuervo",8,6,2017,"Halimium","halimifolium","HH1",NA,5,0,0,0,"Halimium halimifolium"
"Pino_del_cuervo",8,6,2017,"Halimium","halimifolium","HH2",NA,6,0,0,0,"Halimium halimifolium"
"Aznalcazar",3,5,2017,"Teucrium","fruticans","TF1",NA,0,4,0,6,"Teucrium fruticans"
"Aznalcazar",3,5,2017,"Teucrium","fruticans","TF2",NA,5,0,0,0,"Teucrium fruticans"
"Aznalcazar",3,5,2017,"Teucrium","fruticans","TF3",NA,19,12,7,0,"Teucrium fruticans"
"Aznalcazar",3,5,2017,"Cistus","salviifolius","CS1",NA,2,0,2,0,"Cistus salviifolius"
"Aznalcazar",3,5,2017,"Cistus","salviifolius","CS2",NA,2,0,2,0,"Cistus salviifolius"
"Aznalcazar",3,5,2017,"Asphodelus","fistulosus","AF1",NA,6,0,4,0,"Asphodelus fistulosus"
"Aznalcazar",3,5,2017,"Asphodelus","fistulosus","AF2",NA,0,0,7,0,"Asphodelus fistulosus"
"Aznalcazar",3,5,2017,"Asphodelus","fistulosus","AF3",NA,0,1,6,0,"Asphodelus fistulosus"
"Aznalcazar",3,5,2017,"Salvia","rosmarinus","RO1",NA,0,20,0,0,"Salvia rosmarinus"
"Aznalcazar",3,5,2017,"Salvia","rosmarinus","RO2",NA,0,41,0,0,"Salvia rosmarinus"
"Aznalcazar",3,5,2017,"Salvia","rosmarinus","RO3",NA,0,46,0,0,"Salvia rosmarinus"
"Aznalcazar",3,5,2017,"Lavandula","stoechas","LS1",NA,82,60,10,0,"Lavandula stoechas"
"Aznalcazar",3,5,2017,"Lavandula","stoechas","LS2",NA,93,33,2,0,"Lavandula stoechas"
"Aznalcazar",16,5,2017,"Cistus","salviifolius","CS1",NA,7,0,1,0,"Cistus salviifolius"
"Aznalcazar",16,5,2017,"Cistus","salviifolius","CS2",NA,5,0,1,1,"Cistus salviifolius"
"Aznalcazar",16,5,2017,"Cistus","ladanifer","CL1",NA,1,0,1,0,"Cistus ladanifer"
"Aznalcazar",16,5,2017,"Cistus","ladanifer","CL2",NA,3,0,0,0,"Cistus ladanifer"
"Aznalcazar",30,5,2017,"Cistus","crispus","CC1",NA,5,0,0,0,"Cistus crispus"
"Aznalcazar",30,5,2017,"Cistus","crispus","CC2",NA,6,0,0,0,"Cistus crispus"
"Aznalcazar",30,5,2017,"Cistus","monspeliensis","CM1",NA,8,1,0,0,"Cistus monspeliensis"
"Aznalcazar",30,5,2017,"Cistus","monspeliensis","CM2",NA,5,2,0,0,"Cistus monspeliensis"
"Aznalcazar",30,5,2017,"Asphodelus","fistulosus","AF1",NA,9,0,5,0,"Asphodelus fistulosus"
"Aznalcazar",30,5,2017,"Asphodelus","fistulosus","AF2",NA,6,2,2,1,"Asphodelus fistulosus"
"Aznalcazar",30,5,2017,"Asphodelus","fistulosus","AF3",NA,6,0,16,0,"Asphodelus fistulosus"
"Aznalcazar",30,5,2017,"Lavandula","pedunculata","LP1",NA,43,37,87,0,"Lavandula pedunculata"
"Aznalcazar",30,5,2017,"Lavandula","pedunculata","LP2",NA,107,14,3,0,"Lavandula pedunculata"
"Convento_de_la_luz",8,5,2017,"Cistus","ladanifer","CL1",NA,3,0,0,0,"Cistus ladanifer"
"Convento_de_la_luz",8,5,2017,"Cistus","ladanifer","CL2",NA,3,0,1,0,"Cistus ladanifer"
"Convento_de_la_luz",8,5,2017,"Cistus","salviifolius","CS1",NA,2,0,0,0,"Cistus salviifolius"
"Convento_de_la_luz",8,5,2017,"Cistus","salviifolius","CS2",NA,4,0,0,0,"Cistus salviifolius"
"Convento_de_la_luz",13,6,2017,"Cistus","crispus","CC1",NA,3,2,0,0,"Cistus crispus"
"Convento_de_la_luz",13,6,2017,"Cistus","crispus","CC2",NA,2,2,0,0,"Cistus crispus"
"Convento_de_la_luz",13,6,2017,"Halimium","halimifolium","HH1",NA,6,0,0,0,"Halimium halimifolium"
"Convento_de_la_luz",13,6,2017,"Halimium","halimifolium","HH2",NA,10,0,0,0,"Halimium halimifolium"
"Convento_de_la_luz",8,5,2017,"Teucrium","fruticans","TF1",NA,0,8,5,0,"Teucrium fruticans"
"Convento_de_la_luz",8,5,2017,"Teucrium","fruticans","TF2",NA,5,0,5,0,"Teucrium fruticans"
"Villamanrique_sur",12,6,2017,"Cistus","crispus","CC1",NA,6,1,1,0,"Cistus crispus"
"Villamanrique_sur",12,6,2017,"Cistus","crispus","CC2",NA,3,0,2,1,"Cistus crispus"
"Villamanrique_sur",12,6,2017,"Halimium","halimifolium","HH1",NA,5,1,0,0,"Halimium halimifolium"
"Villamanrique_sur",12,6,2017,"Halimium","halimifolium","HH2",NA,3,1,0,0,"Halimium halimifolium"
"Villamanrique_sur",12,6,2017,"Lavandula","pedunculata","LP1",NA,88,42,0,0,"Lavandula pedunculata"
"Villamanrique_sur",12,6,2017,"Lavandula","pedunculata","LP2",NA,105,20,0,0,"Lavandula pedunculata"
"Bonares",31,5,2017,"Cistus","crispus","CC1",NA,2,2,0,0,"Cistus crispus"
"Bonares",31,5,2017,"Cistus","crispus","CC2",NA,0,3,1,0,"Cistus crispus"
"Bonares",8,5,2017,"Cistus","salviifolius","CS1",NA,6,0,2,0,"Cistus salviifolius"
"Bonares",8,5,2017,"Cistus","salviifolius","CS2",NA,3,0,3,0,"Cistus salviifolius"
"Bonares",15,5,2017,"Cistus","ladanifer","CL1",NA,3,0,0,0,"Cistus ladanifer"
"Bonares",15,5,2017,"Cistus","ladanifer","CL2",NA,2,0,0,0,"Cistus ladanifer"
"Bonares",8,5,2017,"Halimium","calycinum","HH1",NA,5,0,1,0,"Halimium calycinum"
"Bonares",8,5,2017,"Halimium","calycinum","HH2",NA,6,0,0,0,"Halimium calycinum"
"Bonares",31,5,2017,"Lavandula","pedunculata","LP1",NA,129,47,2,0,"Lavandula pedunculata"
"Bonares",31,5,2017,"Lavandula","pedunculata","LP2",NA,123,30,42,0,"Lavandula pedunculata"
"Las_mulas",18,5,2017,"Cistus","salviifolius","CS1",NA,4,0,1,0,"Cistus salviifolius"
"Las_mulas",18,5,2017,"Cistus","salviifolius","CS2",NA,9,0,0,0,"Cistus salviifolius"
"Las_mulas",12,6,2017,"Cistus","crispus","CC1",NA,0,6,0,0,"Cistus crispus"
"Las_mulas",12,6,2017,"Cistus","crispus","CC2",NA,8,1,0,0,"Cistus crispus"
"Las_mulas",12,6,2017,"Cistus","libanotis","CLIA",NA,4,0,0,0,"Cistus libanotis"
"Las_mulas",12,6,2017,"Cistus","libanotis","CLIB",NA,3,0,0,0,"Cistus libanotis"
"Las_mulas",9,5,2017,"Halimium","calycinum","HC1",NA,9,2,0,0,"Halimium calycinum"
"Las_mulas",9,5,2017,"Halimium","calycinum","HC2",NA,9,1,0,0,"Halimium calycinum"
"Las_mulas",12,6,2017,"Lavandula","stoechas","LS1",NA,74,69,1,0,"Lavandula stoechas"
"Las_mulas",12,6,2017,"Lavandula","stoechas","LS2",NA,97,25,3,0,"Lavandula stoechas"
"Cotito_de_santa_teresa",4,5,2017,"Asphodelus","fistulosus","AF1",NA,2,0,4,0,"Asphodelus fistulosus"
"Cotito_de_santa_teresa",4,3,2017,"Asphodelus","fistulosus","AF2",NA,8,4,0,0,"Asphodelus fistulosus"
"Cotito_de_santa_teresa",12,6,2017,"Cistus","crispus","CC1","frutos muy peque√±os",5,0,0,0,"Cistus crispus"
"Cotito_de_santa_teresa",12,6,2017,"Cistus","crispus","CC2",NA,4,1,0,0,"Cistus crispus"
"Cotito_de_santa_teresa",4,5,2017,"Salvia","rosmarinus","RO1",NA,8,0,0,1,"Salvia rosmarinus"
"Cotito_de_santa_teresa",4,5,2017,"Salvia","rosmarinus","RO2",NA,9,1,0,3,"Salvia rosmarinus"
"Cotito_de_santa_teresa",4,3,2017,"Salvia","rosmarinus","RO3",NA,13,5,0,1,"Salvia rosmarinus"
"Esparragal",4,5,2017,"Cistus","salviifolius","CS1",NA,3,0,1,0,"Cistus salviifolius"
"Esparragal",4,5,2017,"Cistus","salviifolius","CS2",NA,4,0,0,0,"Cistus salviifolius"
"Esparragal",4,5,2017,"Halimium","calycinum","HC1",NA,5,0,0,0,"Halimium calycinum"
"Esparragal",4,5,2017,"Halimium","calycinum","HC2",NA,7,0,0,1,"Halimium calycinum"
"Esparragal",13,6,2017,"Halimium","halimifolium","HH1",NA,7,2,2,0,"Halimium halimifolium"
"Esparragal",13,6,2017,"Halimium","halimifolium","HH2",NA,4,0,0,0,"Halimium halimifolium"
"Esparragal",13,6,2017,"Cistus","crispus","CC1",NA,2,3,0,0,"Cistus crispus"
"Esparragal",13,6,2017,"Cistus","crispus","CC2",NA,2,3,0,0,"Cistus crispus"
"La_rocina",8,6,2017,"Halimium","halimifolium","HH1",NA,4,4,0,0,"Halimium halimifolium"
"La_rocina",8,6,2017,"Halimium","halimifolium","HH2",NA,8,0,0,0,"Halimium halimifolium"
"La_rocina",8,6,2017,"Lavandula","pedunculata","LP1",NA,82,36,37,0,"Lavandula pedunculata"
"La_rocina",8,6,2017,"Lavandula","pedunculata","LP2",NA,53,43,27,0,"Lavandula pedunculata"
"La_cunya",15,5,2017,"Cistus","salviifolius","CS1",NA,5,0,1,0,"Cistus salviifolius"
"La_cunya",15,5,2017,"Cistus","salviifolius","CS2",NA,5,0,0,0,"Cistus salviifolius"
"La_cunya",31,5,2017,"Lavandula","pedunculata","LP1",NA,51,44,55,0,"Lavandula pedunculata"
"La_cunya",31,5,2017,"Lavandula","pedunculata","LP2",NA,20,15,89,0,"Lavandula pedunculata"
"Aznalcazar",19,6,2018,"Asphodelus","fistulosus","AF1",NA,12,1,9,0,"Asphodelus fistulosus"
"Aznalcazar",19,6,2018,"Asphodelus","fistulosus","AF2",NA,9,0,15,1,"Asphodelus fistulosus"
"Aznalcazar",19,6,2018,"Asphodelus","fistulosus","AF3",NA,9,0,6,0,"Asphodelus fistulosus"
"Aznalcazar",19,6,2018,"Asphodelus","fistulosus","AF4",NA,15,2,18,0,"Asphodelus fistulosus"
"Aznalcazar",19,6,2018,"Teucrium","fruticans","TF1",NA,2,5,6,0,"Teucrium fruticans"
"Aznalcazar",19,6,2018,"Teucrium","fruticans","TF2",NA,1,1,4,0,"Teucrium fruticans"
"Aznalcazar",19,6,2018,"Teucrium","fruticans","TF3",NA,6,2,2,0,"Teucrium fruticans"
"Aznalcazar",19,6,2018,"Teucrium","fruticans","TF4",NA,6,2,5,0,"Teucrium fruticans"
"Aznalcazar",19,6,2018,"Lavandula","pedunculata","LP1",NA,58,59,7,0,"Lavandula pedunculata"
"Aznalcazar",19,6,2018,"Lavandula","pedunculata","LP2",NA,79,35,2,0,"Lavandula pedunculata"
"Aznalcazar",19,6,2018,"Lavandula","pedunculata","LP3",NA,91,21,5,0,"Lavandula pedunculata"
"Aznalcazar",19,6,2018,"Lavandula","pedunculata","LP4",NA,94,29,0,0,"Lavandula pedunculata"
"Aznalcazar",19,6,2018,"Cistus","ladanifer","CL1",NA,3,0,0,0,"Cistus ladanifer"
"Aznalcazar",19,6,2018,"Cistus","ladanifer","CL2",NA,4,0,1,0,"Cistus ladanifer"
"Aznalcazar",19,6,2018,"Cistus","ladanifer","CL3",NA,0,0,2,0,"Cistus ladanifer"
"Aznalcazar",19,6,2018,"Cistus","ladanifer","CL4",NA,3,0,1,0,"Cistus ladanifer"
"Aznalcazar",19,6,2018,"Cistus","salviifolius","CS1",NA,5,0,0,0,"Cistus salviifolius"
"Aznalcazar",19,6,2018,"Cistus","salviifolius","CS2",NA,3,0,1,0,"Cistus salviifolius"
"Aznalcazar",19,6,2018,"Cistus","salviifolius","CS3",NA,4,0,2,0,"Cistus salviifolius"
"Aznalcazar",19,6,2018,"Cistus","salviifolius","CS4",NA,5,0,1,0,"Cistus salviifolius"
"Aznalcazar",19,6,2018,"Cistus","monspeliensis","CM1",NA,3,0,2,0,"Cistus monspeliensis"
"Aznalcazar",19,6,2018,"Cistus","monspeliensis","CM2",NA,6,0,0,0,"Cistus monspeliensis"
"Aznalcazar",19,6,2018,"Cistus","monspeliensis","CM3",NA,8,0,0,1,"Cistus monspeliensis"
"Aznalcazar",19,6,2018,"Cistus","monspeliensis","CM4",NA,7,0,0,1,"Cistus monspeliensis"
"Aznalcazar",10,7,2018,"Cistus","crispus","CC1",NA,7,0,0,0,"Cistus crispus"
"Aznalcazar",10,7,2018,"Cistus","crispus","CC2",NA,8,0,1,1,"Cistus crispus"
"Aznalcazar",10,7,2018,"Cistus","crispus","CC3",NA,8,1,4,0,"Cistus crispus"
"Aznalcazar",10,7,2018,"Cistus","crispus","CC4",NA,6,1,4,0,"Cistus crispus"
"Pino_del_cuervo",11,7,2018,"Cistus","crispus","CC1",NA,8,0,1,0,"Cistus crispus"
"Pino_del_cuervo",11,7,2018,"Cistus","crispus","CC2",NA,5,2,0,0,"Cistus crispus"
"Pino_del_cuervo",11,7,2018,"Cistus","crispus","CC3",NA,3,1,0,1,"Cistus crispus"
"Pino_del_cuervo",11,7,2018,"Cistus","crispus","CC4",NA,2,0,1,0,"Cistus crispus"
"Pino_del_cuervo",11,7,2018,"Halimium","halimifolium","HH1",NA,2,0,0,0,"Halimium halimifolium"
"Pino_del_cuervo",11,7,2018,"Halimium","halimifolium","HH2",NA,2,1,0,0,"Halimium halimifolium"
"Pino_del_cuervo",11,7,2018,"Halimium","halimifolium","HH3",NA,4,0,0,0,"Halimium halimifolium"
"Pino_del_cuervo",11,7,2018,"Halimium","halimifolium","HH4",NA,3,0,0,0,"Halimium halimifolium"
"Pino_del_cuervo",11,7,2018,"Cistus","salviifolius","CS1",NA,2,0,0,0,"Cistus salviifolius"
"Pino_del_cuervo",11,7,2018,"Cistus","salviifolius","CS2",NA,1,0,1,0,"Cistus salviifolius"
"Pino_del_cuervo",11,7,2018,"Cistus","salviifolius","CS3",NA,2,0,2,0,"Cistus salviifolius"
"Pino_del_cuervo",11,7,2018,"Cistus","salviifolius","CS4",NA,0,0,2,0,"Cistus salviifolius"
"Pino_del_cuervo",11,7,2018,"Lavandula","stoechas","LS1",NA,76,22,26,0,"Lavandula stoechas"
"Pino_del_cuervo",11,7,2018,"Lavandula","stoechas","LS2",NA,41,17,29,0,"Lavandula stoechas"
"Pino_del_cuervo",11,7,2018,"Lavandula","stoechas","LS3",NA,25,21,38,0,"Lavandula stoechas"
"Pino_del_cuervo",11,7,2018,"Lavandula","stoechas","LS4",NA,0,15,121,0,"Lavandula stoechas"
"Esparragal",10,7,2018,"Cistus","salviifolius","CS1",NA,2,0,1,0,"Cistus salviifolius"
"Esparragal",10,7,2018,"Cistus","salviifolius","CS2",NA,2,0,2,0,"Cistus salviifolius"
"Esparragal",10,7,2018,"Cistus","salviifolius","CS3",NA,4,0,0,1,"Cistus salviifolius"
"Esparragal",10,7,2018,"Cistus","salviifolius","CS4",NA,0,0,3,0,"Cistus salviifolius"
"Esparragal",10,7,2018,"Halimium","halimifolium","HH1",NA,4,0,0,0,"Halimium halimifolium"
"Esparragal",10,7,2018,"Halimium","halimifolium","HH2",NA,4,0,0,0,"Halimium halimifolium"
"Esparragal",10,7,2018,"Halimium","halimifolium","HH3",NA,4,0,0,0,"Halimium halimifolium"
"Esparragal",10,7,2018,"Halimium","halimifolium","HH4",NA,4,0,0,0,"Halimium halimifolium"
"Esparragal",10,7,2018,"Cistus","crispus","CC1",NA,3,0,1,1,"Cistus crispus"
"Esparragal",10,7,2018,"Cistus","crispus","CC2",NA,2,2,1,0,"Cistus crispus"
"Esparragal",10,7,2018,"Cistus","crispus","CC3",NA,3,1,0,0,"Cistus crispus"
"Esparragal",10,7,2018,"Cistus","crispus","CC4",NA,3,0,1,3,"Cistus crispus"
"Bonares",11,7,2018,"Cistus","crispus","CC1",NA,10,1,0,0,"Cistus crispus"
"Bonares",11,7,2018,"Cistus","crispus","CC2",NA,2,0,3,0,"Cistus crispus"
"Bonares",11,7,2018,"Cistus","crispus","CC3",NA,4,0,0,0,"Cistus crispus"
"Bonares",11,7,2018,"Cistus","crispus","CC4",NA,6,0,0,0,"Cistus crispus"
"Bonares",11,7,2018,"Halimium","halimifolium","HH1",NA,2,0,0,0,"Halimium halimifolium"
"Bonares",11,7,2018,"Halimium","halimifolium","HH2",NA,2,1,0,0,"Halimium halimifolium"
"Bonares",11,7,2018,"Halimium","halimifolium","HH3",NA,5,2,0,0,"Halimium halimifolium"
"Bonares",11,7,2018,"Halimium","halimifolium","HH4",NA,2,0,0,0,"Halimium halimifolium"
"Bonares",11,7,2018,"Cistus","ladanifer","CL1",NA,2,0,0,0,"Cistus ladanifer"
"Bonares",11,7,2018,"Cistus","ladanifer","CL2",NA,2,0,0,0,"Cistus ladanifer"
"Bonares",11,7,2018,"Cistus","ladanifer","CL3",NA,1,0,2,0,"Cistus ladanifer"
"Bonares",11,7,2018,"Cistus","ladanifer","CL4",NA,2,0,0,0,"Cistus ladanifer"
"Bonares",11,7,2018,"Cistus","salviifolius","CS1",NA,0,0,1,0,"Cistus salviifolius"
"Bonares",11,7,2018,"Cistus","salviifolius","CS2",NA,3,0,1,0,"Cistus salviifolius"
"Bonares",11,7,2018,"Cistus","salviifolius","CS3",NA,5,0,0,0,"Cistus salviifolius"
"Bonares",11,7,2018,"Cistus","salviifolius","CS4",NA,2,0,1,0,"Cistus salviifolius"
"Villamanrique_este",10,7,2018,"Cistus","crispus","CC1",NA,8,1,0,0,"Cistus crispus"
"Villamanrique_este",10,7,2018,"Cistus","crispus","CC2",NA,6,2,1,0,"Cistus crispus"
"Villamanrique_este",10,7,2018,"Cistus","crispus","CC3",NA,10,0,0,0,"Cistus crispus"
"Villamanrique_este",10,7,2018,"Cistus","crispus","CC4",NA,4,1,3,0,"Cistus crispus"
"El_hongo",10,7,2018,"Cistus","crispus","CC1",NA,0,7,0,0,"Cistus crispus"
"El_hongo",10,7,2018,"Cistus","crispus","CC2",NA,1,5,0,0,"Cistus crispus"
"El_hongo",10,7,2018,"Cistus","salviifolius","CS1",NA,1,0,1,0,"Cistus salviifolius"
"El_hongo",10,7,2018,"Cistus","salviifolius","CS2",NA,2,0,1,0,"Cistus salviifolius"
"El_hongo",10,7,2018,"Cistus","salviifolius","CS3",NA,2,0,1,0,"Cistus salviifolius"
"El_hongo",10,7,2018,"Cistus","salviifolius","CS4",NA,3,0,0,0,"Cistus salviifolius"
"El_hongo",10,7,2018,"Lavandula","pedunculata","LP1",NA,100,26,0,0,"Lavandula pedunculata"
"El_hongo",10,7,2018,"Lavandula","pedunculata","LP2",NA,77,13,2,0,"Lavandula pedunculata"
"El_hongo",10,7,2018,"Lavandula","pedunculata","LP3",NA,128,49,0,0,"Lavandula pedunculata"
"El_hongo",10,7,2018,"Lavandula","pedunculata","LP4",NA,149,41,0,0,"Lavandula pedunculata"
"Villamanrique_sur",10,7,2018,"Halimium","halimifolium","HH1",NA,5,0,0,0,"Halimium halimifolium"
"Villamanrique_sur",10,7,2018,"Halimium","halimifolium","HH2",NA,2,0,0,0,"Halimium halimifolium"
"Villamanrique_sur",10,7,2018,"Halimium","halimifolium","HH3",NA,6,0,0,0,"Halimium halimifolium"
"Villamanrique_sur",10,7,2018,"Halimium","halimifolium","HH4",NA,3,0,0,0,"Halimium halimifolium"
"Villamanrique_sur",10,7,2018,"Cistus","crispus","CC1",NA,5,0,0,0,"Cistus crispus"
"Villamanrique_sur",10,7,2018,"Cistus","crispus","CC2",NA,5,1,0,0,"Cistus crispus"
"Villamanrique_sur",10,7,2018,"Cistus","crispus","CC3",NA,6,2,0,0,"Cistus crispus"
"Villamanrique_sur",10,7,2018,"Cistus","crispus","CC4",NA,2,1,5,0,"Cistus crispus"
"Villamanrique_sur",10,7,2018,"Cistus","salviifolius","CS1",NA,0,0,2,0,"Cistus salviifolius"
"Villamanrique_sur",10,7,2018,"Cistus","salviifolius","CS2",NA,1,0,0,0,"Cistus salviifolius"
"Villamanrique_sur",10,7,2018,"Cistus","salviifolius","CS3",NA,0,0,2,0,"Cistus salviifolius"
"Villamanrique_sur",10,7,2018,"Cistus","salviifolius","CS4",NA,2,0,0,0,"Cistus salviifolius"
"La_cunya",10,7,2018,"Cistus","salviifolius","CS1",NA,0,0,3,0,"Cistus salviifolius"
"La_cunya",10,7,2018,"Cistus","salviifolius","CS2",NA,1,0,1,0,"Cistus salviifolius"
"La_cunya",10,7,2018,"Cistus","salviifolius","CS3",NA,1,0,0,0,"Cistus salviifolius"
"La_cunya",10,7,2018,"Cistus","salviifolius","CS4",NA,1,0,0,0,"Cistus salviifolius"
"La_cunya",10,7,2018,"Lavandula","pedunculata","LP1",NA,82,22,38,0,"Lavandula pedunculata"
"La_cunya",10,7,2018,"Lavandula","pedunculata","LP2",NA,39,26,46,0,"Lavandula pedunculata"
"La_cunya",10,7,2018,"Lavandula","pedunculata","LP3",NA,48,46,6,0,"Lavandula pedunculata"
"La_cunya",10,7,2018,"Lavandula","pedunculata","LP4",NA,111,43,18,0,"Lavandula pedunculata"
"Pinares_de_hinojos",10,7,2018,"Halimium","halimifolium","HH1",NA,4,3,1,0,"Halimium halimifolium"
"Pinares_de_hinojos",10,7,2018,"Halimium","halimifolium","HH2",NA,2,3,0,0,"Halimium halimifolium"
"Pinares_de_hinojos",10,7,2018,"Halimium","halimifolium","HH3",NA,5,2,2,0,"Halimium halimifolium"
"Pinares_de_hinojos",10,7,2018,"Halimium","halimifolium","HH4",NA,2,2,0,0,"Halimium halimifolium"
"Pinares_de_hinojos",10,7,2018,"Cistus","libanotis","CLI1",NA,5,0,0,0,"Cistus libanotis"
"Pinares_de_hinojos",10,7,2018,"Cistus","libanotis","CLI2",NA,3,0,0,0,"Cistus libanotis"
"Pinares_de_hinojos",10,7,2018,"Cistus","libanotis","CLI3",NA,6,0,0,0,"Cistus libanotis"
"Pinares_de_hinojos",10,7,2018,"Cistus","libanotis","CLI4",NA,5,0,1,0,"Cistus libanotis"
"Pinares_de_hinojos",10,7,2018,"Cistus","salviifolius","CS1",NA,2,0,1,0,"Cistus salviifolius"
"Pinares_de_hinojos",10,7,2018,"Cistus","salviifolius","CS2",NA,2,0,1,0,"Cistus salviifolius"
"Pinares_de_hinojos",10,7,2018,"Cistus","salviifolius","CS3",NA,2,0,0,0,"Cistus salviifolius"
"Pinares_de_hinojos",10,7,2018,"Cistus","salviifolius","CS4",NA,5,3,1,0,"Cistus salviifolius"
"La_rocina",11,7,2018,"Cistus","libanotis","CLI1",NA,0,0,2,0,"Cistus libanotis"
"La_rocina",11,7,2018,"Cistus","libanotis","CLI2",NA,3,0,0,0,"Cistus libanotis"
"La_rocina",11,7,2018,"Cistus","libanotis","CLI3",NA,3,0,0,0,"Cistus libanotis"
"La_rocina",11,7,2018,"Cistus","libanotis","CLI4",NA,3,0,0,0,"Cistus libanotis"
"La_rocina",11,7,2018,"Halimium","halimifolium","HH1",NA,4,0,0,0,"Halimium halimifolium"
"La_rocina",11,7,2018,"Halimium","halimifolium","HH2",NA,2,1,0,0,"Halimium halimifolium"
"La_rocina",11,7,2018,"Halimium","halimifolium","HH3",NA,0,5,0,0,"Halimium halimifolium"
"La_rocina",11,7,2018,"Halimium","halimifolium","HH4",NA,0,4,0,0,"Halimium halimifolium"
"La_rocina",11,7,2018,"Lavandula","pedunculata","LP1",NA,97,19,30,0,"Lavandula pedunculata"
"La_rocina",11,7,2018,"Lavandula","pedunculata","LP2",NA,82,17,33,0,"Lavandula pedunculata"
"La_rocina",11,7,2018,"Lavandula","pedunculata","LP3",NA,99,26,35,0,"Lavandula pedunculata"
"La_rocina",11,7,2018,"Lavandula","pedunculata","LP4",NA,87,49,88,0,"Lavandula pedunculata"
"Convento_de_la_luz",11,7,2018,"Halimium","halimifolium","HH1",NA,2,0,0,0,"Halimium halimifolium"
"Convento_de_la_luz",11,7,2018,"Halimium","halimifolium","HH2",NA,4,2,0,0,"Halimium halimifolium"
"Convento_de_la_luz",11,7,2018,"Halimium","halimifolium","HH3",NA,2,2,0,0,"Halimium halimifolium"
"Convento_de_la_luz",11,7,2018,"Halimium","halimifolium","HH4",NA,7,3,0,0,"Halimium halimifolium"
"Convento_de_la_luz",11,7,2018,"Cistus","crispus","CC1",NA,3,4,0,0,"Cistus crispus"
"Convento_de_la_luz",11,7,2018,"Cistus","crispus","CC2",NA,5,5,2,0,"Cistus crispus"
"Convento_de_la_luz",11,7,2018,"Cistus","crispus","CC3",NA,2,0,3,0,"Cistus crispus"
"Convento_de_la_luz",11,7,2018,"Cistus","crispus","CC4",NA,6,2,1,0,"Cistus crispus"
"Convento_de_la_luz",11,7,2018,"Cistus","salviifolius","CS1",NA,2,0,0,0,"Cistus salviifolius"
"Convento_de_la_luz",11,7,2018,"Cistus","salviifolius","CS2",NA,5,2,0,0,"Cistus salviifolius"
"Convento_de_la_luz",11,7,2018,"Cistus","salviifolius","CS3",NA,2,1,0,1,"Cistus salviifolius"
"Convento_de_la_luz",11,7,2018,"Cistus","salviifolius","CS4",NA,2,0,0,0,"Cistus salviifolius"
"El_pozo",11,7,2018,"Cistus","salviifolius","CS1",NA,0,0,1,0,"Cistus salviifolius"
"El_pozo",11,7,2018,"Cistus","salviifolius","CS2",NA,0,0,1,0,"Cistus salviifolius"
"El_pozo",11,7,2018,"Cistus","salviifolius","CS3",NA,0,0,3,0,"Cistus salviifolius"
"El_pozo",11,7,2018,"Cistus","salviifolius","CS4",NA,2,0,2,0,"Cistus salviifolius"
"El_pozo",11,7,2018,"Cistus","crispus","CC1",NA,8,2,0,0,"Cistus crispus"
"El_pozo",11,7,2018,"Cistus","crispus","CC2",NA,5,2,0,0,"Cistus crispus"
"El_pozo",11,7,2018,"Cistus","crispus","CC3",NA,5,0,0,0,"Cistus crispus"
"El_pozo",11,7,2018,"Cistus","crispus","CC4",NA,1,0,4,0,"Cistus crispus"
"El_pozo",11,7,2018,"Halimium","halimifolium","HH1",NA,4,0,0,0,"Halimium halimifolium"
"El_pozo",11,7,2018,"Halimium","halimifolium","HH2",NA,3,2,1,0,"Halimium halimifolium"
"El_pozo",11,7,2018,"Halimium","halimifolium","HH3",NA,1,2,1,0,"Halimium halimifolium"
"El_pozo",11,7,2018,"Halimium","halimifolium","HH4",NA,6,2,1,0,"Halimium halimifolium"
"Urbanizaciones",11,7,2018,"Cistus","crispus","CC1",NA,7,0,0,0,"Cistus crispus"
"Urbanizaciones",11,7,2018,"Cistus","crispus","CC2",NA,0,7,2,0,"Cistus crispus"
"Urbanizaciones",11,7,2018,"Cistus","crispus","CC3",NA,5,4,0,0,"Cistus crispus"
"Urbanizaciones",11,7,2018,"Cistus","crispus","CC4",NA,0,4,3,0,"Cistus crispus"
"Urbanizaciones",11,7,2018,"Halimium","halimifolium","HH1",NA,2,1,0,0,"Halimium halimifolium"
"Urbanizaciones",11,7,2018,"Halimium","halimifolium","HH2",NA,4,0,0,0,"Halimium halimifolium"
"Urbanizaciones",11,7,2018,"Halimium","halimifolium","HH3",NA,4,1,1,0,"Halimium halimifolium"
"Urbanizaciones",11,7,2018,"Halimium","halimifolium","HH4",NA,3,1,0,0,"Halimium halimifolium"
"Urbanizaciones",11,7,2018,"Cistus","salviifolius","CS1",NA,4,0,0,0,"Cistus salviifolius"
"Urbanizaciones",11,7,2018,"Cistus","salviifolius","CS2",NA,4,0,0,0,"Cistus salviifolius"
"Urbanizaciones",11,7,2018,"Cistus","salviifolius","CS3",NA,1,0,0,0,"Cistus salviifolius"
"Urbanizaciones",11,7,2018,"Cistus","salviifolius","CS4",NA,4,0,0,0,"Cistus salviifolius"
"Urbanizaciones",11,7,2018,"Lavandula","pedunculata","LP1",NA,95,29,9,0,"Lavandula pedunculata"
"Urbanizaciones",11,7,2018,"Lavandula","pedunculata","LP2",NA,147,12,0,0,"Lavandula pedunculata"
"Urbanizaciones",11,7,2018,"Lavandula","pedunculata","LP3",NA,99,20,42,0,"Lavandula pedunculata"
"Urbanizaciones",11,7,2018,"Lavandula","pedunculata","LP4",NA,86,28,70,0,"Lavandula pedunculata"
"Niebla",11,7,2018,"Cistus","salviifolius","CS1",NA,2,1,1,0,"Cistus salviifolius"
"Niebla",11,7,2018,"Cistus","salviifolius","CS2",NA,0,0,2,0,"Cistus salviifolius"
"Niebla",11,7,2018,"Cistus","salviifolius","CS3",NA,3,0,0,0,"Cistus salviifolius"
"Niebla",11,7,2018,"Cistus","salviifolius","CS4",NA,1,0,0,0,"Cistus salviifolius"
"Niebla",11,7,2018,"Cistus","monspeliensis","CM1",NA,9,0,0,0,"Cistus monspeliensis"
"Niebla",11,7,2018,"Cistus","monspeliensis","CM2",NA,4,0,0,1,"Cistus monspeliensis"
"Niebla",11,7,2018,"Cistus","monspeliensis","CM3",NA,6,0,1,1,"Cistus monspeliensis"
"Niebla",11,7,2018,"Cistus","monspeliensis","CM4",NA,7,3,2,0,"Cistus monspeliensis"
"Niebla",11,7,2018,"Cistus","crispus","CC1",NA,2,0,1,1,"Cistus crispus"
"Niebla",11,7,2018,"Cistus","crispus","CC2",NA,4,2,0,0,"Cistus crispus"
"Niebla",11,7,2018,"Cistus","crispus","CC3",NA,4,1,0,0,"Cistus crispus"
"Niebla",11,7,2018,"Cistus","crispus","CC4",NA,3,2,0,0,"Cistus crispus"
"Niebla",11,7,2018,"Cistus","ladanifer","CL1",NA,1,0,2,0,"Cistus ladanifer"
"Niebla",11,7,2018,"Cistus","ladanifer","CL2",NA,1,0,0,0,"Cistus ladanifer"
"Niebla",11,7,2018,"Cistus","ladanifer","CL3",NA,2,0,0,0,"Cistus ladanifer"
"Niebla",11,7,2018,"Cistus","ladanifer","CL4",NA,1,0,1,1,"Cistus ladanifer"
"Niebla",11,7,2018,"Lavandula","stoechas","LS1",NA,102,3,0,0,"Lavandula stoechas"
"Niebla",11,7,2018,"Lavandula","stoechas","LS2",NA,85,2,0,0,"Lavandula stoechas"
"Niebla",11,7,2018,"Lavandula","pedunculata","LP1",NA,79,21,49,0,"Lavandula pedunculata"
"Niebla",11,7,2018,"Lavandula","pedunculata","LP2",NA,78,44,3,0,"Lavandula pedunculata"
"Niebla",11,7,2018,"Lavandula","pedunculata","LP3",NA,93,8,4,0,"Lavandula pedunculata"
"Niebla",11,7,2018,"Lavandula","pedunculata","LP4",NA,153,17,2,0,"Lavandula pedunculata"
"Cotito_de_santa_teresa",10,7,2018,"Cistus","crispus","CC1",NA,5,0,0,0,"Cistus crispus"
"Cotito_de_santa_teresa",10,7,2018,"Cistus","crispus","CC2",NA,5,0,0,0,"Cistus crispus"
"Cotito_de_santa_teresa",10,7,2018,"Cistus","crispus","CC3",NA,1,5,0,0,"Cistus crispus"
"Cotito_de_santa_teresa",10,7,2018,"Cistus","crispus","CC4",NA,2,1,2,0,"Cistus crispus"
"Cotito_de_santa_teresa",10,7,2018,"Halimium","halimifolium","HH1",NA,10,0,2,0,"Halimium halimifolium"
"Cotito_de_santa_teresa",10,7,2018,"Halimium","halimifolium","HH2",NA,5,0,1,0,"Halimium halimifolium"
"Cotito_de_santa_teresa",10,7,2018,"Halimium","halimifolium","HH3",NA,4,0,0,0,"Halimium halimifolium"
"Cotito_de_santa_teresa",10,7,2018,"Halimium","halimifolium","HH4",NA,5,0,0,0,"Halimium halimifolium"
"Cotito_de_santa_teresa",10,7,2018,"Cistus","salviifolius","CS1",NA,2,0,1,0,"Cistus salviifolius"
"Cotito_de_santa_teresa",10,7,2018,"Cistus","salviifolius","CS2",NA,1,0,1,0,"Cistus salviifolius"
"Cotito_de_santa_teresa",10,7,2018,"Cistus","salviifolius","CS3",NA,1,1,2,0,"Cistus salviifolius"
"Cotito_de_santa_teresa",10,7,2018,"Cistus","salviifolius","CS4",NA,2,0,0,0,"Cistus salviifolius"
"Cotito_de_santa_teresa",10,7,2018,"Lavandula","pedunculata","LP1",NA,84,46,30,0,"Lavandula pedunculata"
"Cotito_de_santa_teresa",10,7,2018,"Lavandula","pedunculata","LP2",NA,103,37,34,0,"Lavandula pedunculata"
"Cotito_de_santa_teresa",10,7,2018,"Lavandula","pedunculata","LP3",NA,157,26,2,0,"Lavandula pedunculata"
"Cotito_de_santa_teresa",10,7,2018,"Lavandula","pedunculata","LP4",NA,155,18,15,0,"Lavandula pedunculata"
"La Cu√±a",29,5,2019,"Lavandula","pedunculata","LP1",NA,117,10,2,0,"Lavandula pedunculata"
"La Cu√±a",29,5,2019,"Lavandula","pedunculata","LP2",NA,57,14,8,0,"Lavandula pedunculata"
"La Cu√±a",29,5,2019,"Lavandula","pedunculata","LP3",NA,72,15,3,0,"Lavandula pedunculata"
"La Cu√±a",29,5,2019,"Cistus","salviifolius","CS1",NA,0,0,1,0,"Cistus salviifolius"
"La Cu√±a",29,5,2019,"Cistus","salviifolius","CS2",NA,2,0,1,0,"Cistus salviifolius"
"La Cu√±a",29,5,2019,"Cistus","salviifolius","CS3",NA,0,0,1,1,"Cistus salviifolius"
"Convento de la Luz",29,5,2019,"Halimium","halimifolium","HH1",NA,4,2,1,0,"Halimium halimifolium"
"Convento de la Luz",29,5,2019,"Halimium","halimifolium","HH2",NA,4,1,0,0,"Halimium halimifolium"
"Convento de la Luz",29,5,2019,"Halimium","halimifolium","HH3",NA,3,0,0,0,"Halimium halimifolium"
"La Rocina",29,5,2019,"Cistus","libanotis","CLI1",NA,3,0,0,0,"Cistus libanotis"
"La Rocina",29,5,2019,"Cistus","libanotis","CLI2",NA,4,0,0,0,"Cistus libanotis"
"La Rocina",29,5,2019,"Cistus","libanotis","CLI3",NA,5,0,0,0,"Cistus libanotis"
"Pino del Cuervo",29,5,2019,"Halimium","halimifolium","HH1",NA,5,2,0,0,"Halimium halimifolium"
"Pino del Cuervo",29,5,2019,"Halimium","halimifolium","HH2",NA,1,1,0,0,"Halimium halimifolium"
"Pino del Cuervo",29,5,2019,"Halimium","halimifolium","HH3",NA,3,2,0,0,"Halimium halimifolium"
"Pino del Cuervo",29,5,2019,"Cistus","ladanifer","CL1",NA,2,0,0,0,"Cistus ladanifer"
"Pino del Cuervo",29,5,2019,"Cistus","ladanifer","CL2",NA,2,0,0,0,"Cistus ladanifer"
"Pino del Cuervo",29,5,2019,"Cistus","ladanifer","CL3",NA,0,0,1,0,"Cistus ladanifer"
"Pino del Cuervo",29,5,2019,"Cistus","crispus","CC1",NA,0,0,5,0,"Cistus crispus"
"Pino del Cuervo",29,5,2019,"Cistus","crispus","CC2",NA,3,4,4,0,"Cistus crispus"
"Pino del Cuervo",29,5,2019,"Cistus","crispus","CC3",NA,5,1,0,0,"Cistus crispus"
"Pino del Cuervo",29,5,2019,"Cistus","salviifolius","CS1",NA,2,0,1,0,"Cistus salviifolius"
"Pino del Cuervo",29,5,2019,"Cistus","salviifolius","CS2",NA,0,0,2,0,"Cistus salviifolius"
"Pino del Cuervo",29,5,2019,"Cistus","salviifolius","CS3",NA,1,0,0,0,"Cistus salviifolius"
"Pino del Cuervo",29,5,2019,"Lavandula","stoechas","LS1",NA,73,6,63,0,"Lavandula stoechas"
"Pino del Cuervo",29,5,2019,"Lavandula","stoechas","LS2",NA,15,3,37,0,"Lavandula stoechas"
"Pino del Cuervo",29,5,2019,"Lavandula","stoechas","LS3",NA,44,4,69,0,"Lavandula stoechas"
"Niebla",29,5,2019,"Cistus","crispus","CC1",NA,0,4,0,0,"Cistus crispus"
"Niebla",29,5,2019,"Cistus","crispus","CC2",NA,0,5,0,0,"Cistus crispus"
"Niebla",29,5,2019,"Cistus","crispus","CC3",NA,2,1,2,0,"Cistus crispus"
"Niebla",16,5,2019,"Cistus","monspeliensis","CM1",NA,5,1,0,0,"Cistus monspeliensis"
"Niebla",16,5,2019,"Cistus","monspeliensis","CM2",NA,3,1,1,0,"Cistus monspeliensis"
"Niebla",16,5,2019,"Cistus","monspeliensis","CM3",NA,3,0,1,0,"Cistus monspeliensis"
"Niebla",16,5,2019,"Cistus","ladanifer","CL1",NA,1,0,0,0,"Cistus ladanifer"
"Niebla",16,5,2019,"Cistus","ladanifer","CL2",NA,0,0,2,0,"Cistus ladanifer"
"Niebla",16,5,2019,"Cistus","ladanifer","CL3",NA,0,0,2,0,"Cistus ladanifer"
"Niebla",16,5,2019,"Lavandula","pedunculata","LP1",NA,94,16,0,0,"Lavandula pedunculata"
"Niebla",16,5,2019,"Lavandula","pedunculata","LP2",NA,108,19,0,0,"Lavandula pedunculata"
"Niebla",16,5,2019,"Lavandula","pedunculata","LP3",NA,73,24,0,0,"Lavandula pedunculata"
"Aznalcazar",13,5,2019,"Cistus","salviifolius","CS1",NA,5,0,0,0,"Cistus salviifolius"
"Aznalcazar",13,5,2019,"Cistus","salviifolius","CS2",NA,5,0,0,0,"Cistus salviifolius"
"Aznalcazar",13,5,2019,"Cistus","salviifolius","CS3",NA,5,0,0,0,"Cistus salviifolius"
"Aznalcazar",13,5,2019,"Cistus","ladanifer","CL1",NA,1,0,0,0,"Cistus ladanifer"
"Aznalcazar",13,5,2019,"Cistus","ladanifer","CL2",NA,0,0,1,0,"Cistus ladanifer"
"Aznalcazar",13,5,2019,"Cistus","ladanifer","CL3",NA,2,0,0,0,"Cistus ladanifer"
"Aznalcazar",13,5,2019,"Teucrium","fruticans","TF1",NA,1,5,0,4,"Teucrium fruticans"
"Aznalcazar",13,5,2019,"Teucrium","fruticans","TF2",NA,5,0,0,4,"Teucrium fruticans"
"Aznalcazar",13,5,2019,"Teucrium","fruticans","TF3",NA,11,0,0,5,"Teucrium fruticans"
"Aznalcazar",29,5,2019,"Cistus","crispus","CC1",NA,4,0,0,0,"Cistus crispus"
"Aznalcazar",29,5,2019,"Cistus","crispus","CC2",NA,1,1,0,0,"Cistus crispus"
"Aznalcazar",29,5,2019,"Cistus","crispus","CC3",NA,3,4,1,0,"Cistus crispus"
"Aznalcazar",13,5,2019,"Cistus","monspeliensis","CM1",NA,6,2,1,0,"Cistus monspeliensis"
"Aznalcazar",13,5,2019,"Cistus","monspeliensis","CM2",NA,4,6,2,0,"Cistus monspeliensis"
"Aznalcazar",13,5,2019,"Cistus","monspeliensis","CM3",NA,0,5,3,0,"Cistus monspeliensis"
"Aznalcazar",13,5,2019,"Lavandula","pedunculata","LP1",NA,136,14,0,0,"Lavandula pedunculata"
"Aznalcazar",13,5,2019,"Lavandula","pedunculata","LP2",NA,124,13,0,0,"Lavandula pedunculata"
"Aznalcazar",13,5,2019,"Lavandula","pedunculata","LP3",NA,115,29,0,0,"Lavandula pedunculata"
"Cotito de Santa Teresa",14,5,2019,"Cistus","salviifolius","CS1",NA,3,0,0,0,"Cistus salviifolius"
"Cotito de Santa Teresa",14,5,2019,"Cistus","salviifolius","CS2",NA,3,0,2,0,"Cistus salviifolius"
"Cotito de Santa Teresa",14,5,2019,"Cistus","salviifolius","CS3",NA,3,0,0,0,"Cistus salviifolius"
"Cotito de Santa Teresa",14,5,2019,"Cistus","ladanifer","CL1",NA,0,0,1,0,"Cistus ladanifer"
"Cotito de Santa Teresa",14,5,2019,"Cistus","ladanifer","CL2",NA,1,0,0,0,"Cistus ladanifer"
"Cotito de Santa Teresa",14,5,2019,"Cistus","ladanifer","CL3",NA,2,0,0,0,"Cistus ladanifer"
"Cotito de Santa Teresa",29,5,2019,"Cistus","crispus","CC1",NA,4,0,0,0,"Cistus crispus"
"Cotito de Santa Teresa",29,5,2019,"Cistus","crispus","CC2",NA,2,3,0,0,"Cistus crispus"
"Cotito de Santa Teresa",29,5,2019,"Cistus","crispus","CC3",NA,4,2,0,0,"Cistus crispus"
"Cotito de Santa Teresa",29,5,2019,"Halimium","halimifolium","HH1",NA,5,0,0,0,"Halimium halimifolium"
"Cotito de Santa Teresa",29,5,2019,"Halimium","halimifolium","HH2",NA,4,0,0,0,"Halimium halimifolium"
"Cotito de Santa Teresa",29,5,2019,"Halimium","halimifolium","HH3",NA,9,2,0,0,"Halimium halimifolium"
"Cotito de Santa Teresa",29,5,2019,"Lavandula","stoechas","LS1",NA,112,31,0,0,"Lavandula stoechas"
"Cotito de Santa Teresa",29,5,2019,"Lavandula","stoechas","LS2",NA,87,54,1,17,"Lavandula stoechas"
"Cotito de Santa Teresa",29,5,2019,"Lavandula","stoechas","LS3",NA,77,26,0,36,"Lavandula stoechas"
"Pinares de Hinojos",29,5,2019,"Halimium","halimifolium","HH1",NA,2,2,0,0,"Halimium halimifolium"
"Pinares de Hinojos",29,5,2019,"Halimium","halimifolium","HH2",NA,0,5,0,0,"Halimium halimifolium"
"Pinares de Hinojos",29,5,2019,"Halimium","halimifolium","HH3",NA,1,0,1,0,"Halimium halimifolium"
"Pinares de Hinojos",29,5,2019,"Cistus","libanotis","CL1",NA,6,0,0,0,"Cistus libanotis"
"Pinares de Hinojos",29,5,2019,"Cistus","libanotis","CL2",NA,6,0,0,0,"Cistus libanotis"
"Pinares de Hinojos",29,5,2019,"Cistus","libanotis","CL3",NA,6,1,0,0,"Cistus libanotis"
"El pozo",29,5,2019,"Cistus","crispus","CC1",NA,1,2,3,0,"Cistus crispus"
"El pozo",29,5,2019,"Cistus","crispus","CC2",NA,8,1,0,0,"Cistus crispus"
"El pozo",29,5,2019,"Cistus","crispus","CC3",NA,3,1,0,0,"Cistus crispus"
"El pozo",29,5,2019,"Halimium","halimifolium","HH1",NA,5,1,0,0,"Halimium halimifolium"
"El pozo",29,5,2019,"Halimium","halimifolium","HH2",NA,2,2,0,0,"Halimium halimifolium"
"El pozo",29,5,2019,"Halimium","halimifolium","HH3",NA,1,3,0,0,"Halimium halimifolium"
"El pozo",29,5,2019,"Lavandula","pedunculata","LP1",NA,61,52,16,0,"Lavandula pedunculata"
"El pozo",29,5,2019,"Lavandula","pedunculata","LP2",NA,104,28,3,4,"Lavandula pedunculata"
"El pozo",29,5,2019,"Lavandula","pedunculata","LP3",NA,102,24,6,0,"Lavandula pedunculata"
"Esparragal",29,5,2019,"Halimium","halimifolium","HH1",NA,3,2,0,0,"Halimium halimifolium"
"Esparragal",29,5,2019,"Halimium","halimifolium","HH2",NA,4,1,0,0,"Halimium halimifolium"
"Esparragal",29,5,2019,"Halimium","halimifolium","HH3",NA,2,3,0,0,"Halimium halimifolium"
"Esparragal",29,5,2019,"Cistus","crispus","CC1",NA,3,2,0,0,"Cistus crispus"
"Esparragal",29,5,2019,"Cistus","crispus","CC2",NA,2,1,0,0,"Cistus crispus"
"Esparragal",29,5,2019,"Cistus","crispus","CC3",NA,6,1,0,0,"Cistus crispus"
"Esparragal",14,5,2019,"Cistus","salviifolius","CS1",NA,1,0,1,0,"Cistus salviifolius"
"Esparragal",14,5,2019,"Cistus","salviifolius","CS2",NA,3,0,2,0,"Cistus salviifolius"
"Esparragal",14,5,2019,"Cistus","salviifolius","CS3",NA,3,0,1,0,"Cistus salviifolius"
"Esparragal",14,5,2019,"Halimium","calycinum","HC1",NA,4,0,3,0,"Halimium calycinum"
"Esparragal",14,5,2019,"Halimium","calycinum","HC3",NA,1,0,3,0,"Halimium calycinum"
"Esparragal",14,5,2019,"Lavandula","pedunculata","LP1",NA,76,34,30,0,"Lavandula pedunculata"
"Esparragal",14,5,2019,"Lavandula","pedunculata","LP2",NA,87,33,34,0,"Lavandula pedunculata"
"Esparragal",14,5,2019,"Lavandula","pedunculata","LP3",NA,51,12,6,0,"Lavandula pedunculata"
"Urbanizaciones",16,5,2019,"Halimium","calycinum","HC1",NA,4,0,0,0,"Halimium calycinum"
"Urbanizaciones",16,5,2019,"Halimium","calycinum","HC2",NA,3,0,1,0,"Halimium calycinum"
"Urbanizaciones",16,5,2019,"Halimium","calycinum","HC3",NA,4,0,1,0,"Halimium calycinum"
"Urbanizaciones",29,5,2019,"Halimium","halimifolium","HH1",NA,0,2,0,0,"Halimium halimifolium"
"Urbanizaciones",29,5,2019,"Halimium","halimifolium","HH2",NA,4,0,0,0,"Halimium halimifolium"
"Urbanizaciones",29,5,2019,"Halimium","halimifolium","HH3",NA,4,1,0,0,"Halimium halimifolium"
"Urbanizaciones",29,5,2019,"Cistus","salviifolius","CS1",NA,0,0,3,0,"Cistus salviifolius"
"Urbanizaciones",29,5,2019,"Cistus","salviifolius","CS2",NA,3,0,0,0,"Cistus salviifolius"
"Urbanizaciones",29,5,2019,"Cistus","salviifolius","CS3",NA,1,0,1,0,"Cistus salviifolius"
"Urbanizaciones",29,5,2019,"Cistus","crispus","CC1",NA,3,4,0,0,"Cistus crispus"
"Urbanizaciones",29,5,2019,"Cistus","crispus","CC2",NA,0,0,4,0,"Cistus crispus"
"Urbanizaciones",29,5,2019,"Cistus","crispus","CC3",NA,1,1,3,0,"Cistus crispus"
"Urbanizaciones",16,5,2019,"Lavandula","pedunculata","LP1",NA,87,14,28,0,"Lavandula pedunculata"
"Urbanizaciones",16,5,2019,"Lavandula","pedunculata","LP2",NA,42,26,47,0,"Lavandula pedunculata"
"Urbanizaciones",16,5,2019,"Lavandula","pedunculata","LP3",NA,25,17,51,0,"Lavandula pedunculata"
"Villamanrique este",29,5,2019,"Cistus","crispus","CC1",NA,6,1,0,0,"Cistus crispus"
"Villamanrique este",29,5,2019,"Cistus","crispus","CC2",NA,2,1,2,1,"Cistus crispus"
"Villamanrique este",29,5,2019,"Cistus","crispus","CC3",NA,3,2,0,0,"Cistus crispus"
"Villamanrique este",29,5,2019,"Cistus","salviifolius","CS1",NA,1,0,1,0,"Cistus salviifolius"
"Villamanrique este",29,5,2019,"Cistus","salviifolius","CS2",NA,3,0,2,0,"Cistus salviifolius"
"Villamanrique este",29,5,2019,"Cistus","salviifolius","CS3",NA,1,0,2,0,"Cistus salviifolius"
"Villamanrique este",29,5,2019,"Cistus","ladanifer","CL1",NA,0,0,1,0,"Cistus ladanifer"
"Villamanrique este",29,5,2019,"Cistus","ladanifer","CL2",NA,1,0,0,0,"Cistus ladanifer"
"Villamanrique este",29,5,2019,"Cistus","ladanifer","CL3",NA,1,0,0,0,"Cistus ladanifer"
"Bonares",29,5,2019,"Cistus","crispus","CC1",NA,0,5,0,0,"Cistus crispus"
"Bonares",29,5,2019,"Cistus","crispus","CC2",NA,0,1,0,0,"Cistus crispus"
"Bonares",29,5,2019,"Cistus","crispus","CC3",NA,0,3,0,0,"Cistus crispus"
"Bonares",29,5,2019,"Halimium","halimifolium","HH1",NA,4,0,0,0,"Halimium halimifolium"
"Bonares",29,5,2019,"Halimium","halimifolium","HH2",NA,3,0,0,0,"Halimium halimifolium"
"Bonares",29,5,2019,"Halimium","halimifolium","HH3",NA,4,0,0,0,"Halimium halimifolium"
"Bonares",16,5,2019,"Halimium","calycinum","HC1",NA,1,0,1,1,"Halimium calycinum"
"Bonares",16,5,2019,"Halimium","calycinum","HC2",NA,1,0,0,1,"Halimium calycinum"
"Bonares",16,5,2019,"Halimium","calycinum","HC3",NA,1,0,0,1,"Halimium calycinum"
"Bonares",16,5,2019,"Cistus","ladanifer","CL1",NA,0,0,1,0,"Cistus ladanifer"
"Bonares",16,5,2019,"Cistus","ladanifer","CL2",NA,1,0,0,0,"Cistus ladanifer"
"Bonares",16,5,2019,"Cistus","ladanifer","CL3",NA,1,0,0,0,"Cistus ladanifer"
"Bonares",16,5,2019,"Cistus","salviifolius","CS1",NA,3,0,1,0,"Cistus salviifolius"
"Bonares",16,5,2019,"Cistus","salviifolius","CS2",NA,1,0,0,1,"Cistus salviifolius"
"Bonares",16,5,2019,"Cistus","salviifolius","CS3",NA,3,0,0,0,"Cistus salviifolius"
"Villamanrique sur",29,5,2019,"Cistus","crispus","CC1",NA,0,0,4,0,"Cistus crispus"
"Villamanrique sur",29,5,2019,"Cistus","crispus","CC2",NA,3,1,0,0,"Cistus crispus"
"Villamanrique sur",29,5,2019,"Cistus","crispus","CC3",NA,7,0,0,0,"Cistus crispus"
"Villamanrique sur",29,5,2019,"Cistus","salviifolius","CS1",NA,1,0,1,0,"Cistus salviifolius"
"Villamanrique sur",29,5,2019,"Cistus","salviifolius","CS2",NA,1,0,1,0,"Cistus salviifolius"
"Villamanrique sur",29,5,2019,"Cistus","salviifolius","CS3",NA,1,0,2,0,"Cistus salviifolius"
"Villamanrique sur",29,5,2019,"Cistus","ladanifer","CL1",NA,0,0,1,0,"Cistus ladanifer"
"Villamanrique sur",29,5,2019,"Cistus","ladanifer","CL2",NA,1,0,1,0,"Cistus ladanifer"
"Villamanrique sur",29,5,2019,"Cistus","ladanifer","CL3",NA,1,0,0,0,"Cistus ladanifer"
"Villamanrique sur",29,5,2019,"Halimium","halimifolium","HH1",NA,2,2,0,0,"Halimium halimifolium"
"Villamanrique sur",29,5,2019,"Halimium","halimifolium","HH2",NA,0,4,0,0,"Halimium halimifolium"
"Villamanrique sur",29,5,2019,"Halimium","halimifolium","HH3",NA,4,1,0,0,"Halimium halimifolium"
"Villamanrique sur",13,5,2019,"Halimium","calycinum","HC1",NA,4,0,0,0,"Halimium calycinum"
"Villamanrique sur",13,5,2019,"Halimium","calycinum","HC2",NA,3,0,0,0,"Halimium calycinum"
"Villamanrique sur",13,5,2019,"Halimium","calycinum","HC3",NA,6,0,0,0,"Halimium calycinum"
