"","Year","Site_ID","Plant_sp","plant_id","richness08","richness","Coleop_freq","Dip_freq","Hym_freq","Frequency","Fruit_proportion","seed_number","Seed_weight"
"1",2015,"Aznalcazar","Asphodelus fistulosus","A",6,7,1,1,11,13,1,0,0
"2",2015,"Aznalcazar","Asphodelus fistulosus","B",3,3,2,1,1,4,0.576797385620915,2,0.00732833333333333
"3",2015,"Aznalcazar","Asphodelus fistulosus","C",1,1,0,0,1,1,0.866071428571429,2.66666666666667,0.00834904761904762
"4",2017,"Aznalcazar","Asphodelus fistulosus","A",2,2,0,1,2,3,1,2.9,0.022531
"5",2017,"Aznalcazar","Asphodelus fistulosus","B",2,2,0,0,6,6,0.375,2.63636363636364,0.0116645454545455
"6",2017,"Aznalcazar","Asphodelus fistulosus","C",1,1,0,0,1,1,0.5,2.81818181818182,0.02078
"7",2018,"Aznalcazar","Asphodelus fistulosus","A",2,2,0,0,13,13,0.923076923076923,1.66666666666667,0.01362
"8",2018,"Aznalcazar","Asphodelus fistulosus","B",2,2,0,0,8,8,1,1.33333333333333,0.0193533333333333
"9",2018,"Aznalcazar","Asphodelus fistulosus","C",1,1,0,0,17,17,1,1,0.0116266666666667
"10",2018,"Aznalcazar","Asphodelus fistulosus","D",1,1,0,0,7,7,0.882352941176471,1.33333333333333,0.0148333333333333
"11",2018,"Aznalcazar","Asphodelus fistulosus","E",1,1,0,0,3,3,0,0,0
"12",2015,"Aznalcazar","Cistus crispus","A",2,2,0,0,2,2,0,0,0
"13",2015,"Aznalcazar","Cistus crispus","B",1,2,0,0,2,2,0,0,0
"14",2016,"Aznalcazar","Cistus crispus","A",1,1,0,0,1,1,0,0,0
"15",2016,"Aznalcazar","Cistus crispus","B",1,1,0,0,1,1,0,0,0
"16",2017,"Aznalcazar","Cistus crispus","A",1,1,0,0,1,1,1,47.6666666666667,0.0207533333333333
"17",2017,"Aznalcazar","Cistus crispus","B",1,1,1,0,0,1,1,36,0.0186333333333333
"18",2018,"Aznalcazar","Cistus crispus","A",3,3,0,0,35,35,1,42.3333333333333,0.0229266666666667
"19",2018,"Aznalcazar","Cistus crispus","B",2,2,0,0,19,19,1,42.3333333333333,0.0211366666666667
"20",2018,"Aznalcazar","Cistus crispus","C",2,2,0,0,8,8,0.888888888888889,41,0.02321
"21",2018,"Aznalcazar","Cistus crispus","D",3,3,0,0,14,14,0.857142857142857,39,0.0201466666666667
"22",2015,"Aznalcazar","Cistus ladanifer","A",1,2,1,0,1,2,0.62962962962963,443.333333333333,0.10042
"23",2015,"Aznalcazar","Cistus ladanifer","B",1,1,0,0,1,1,1,662,0.17144
"24",2015,"Aznalcazar","Cistus ladanifer","C",1,1,0,0,1,1,0,0,0
"25",2016,"Aznalcazar","Cistus ladanifer","A",2,3,1,0,5,6,1,356,0.1082
"26",2016,"Aznalcazar","Cistus ladanifer","B",0,0,0,0,0,0,0.666666666666667,258.666666666667,0.0738766666666667
"27",2017,"Aznalcazar","Cistus ladanifer","A",2,2,3,0,1,4,1,368.5,0.123055
"28",2017,"Aznalcazar","Cistus ladanifer","B",1,1,0,0,3,3,1,299.666666666667,0.08143
"29",2018,"Aznalcazar","Cistus ladanifer","A",3,3,3,0,18,21,1,788,0.174145
"30",2018,"Aznalcazar","Cistus ladanifer","B",2,2,6,0,2,8,1,455,0.110395
"31",2018,"Aznalcazar","Cistus ladanifer","C",0,0,0,0,0,0,0,537.5,0.16215
"32",2018,"Aznalcazar","Cistus ladanifer","D",2,2,0,0,6,6,1,398,0.08522
"33",2015,"Aznalcazar","Cistus salviifolius","A",1,1,0,0,1,1,0.314285714285714,40.3333333333333,0.0464
"34",2015,"Aznalcazar","Cistus salviifolius","B",0,0,0,0,0,0,1,0,0
"35",2015,"Aznalcazar","Cistus salviifolius","C",1,1,0,0,1,1,0.733333333333333,42.5,0.053775
"36",2016,"Aznalcazar","Cistus salviifolius","A",3,3,0,2,7,9,1,10.3333333333333,0.01523
"37",2016,"Aznalcazar","Cistus salviifolius","B",1,2,0,0,4,4,1,18.5,0.02859
"38",2016,"Aznalcazar","Cistus salviifolius","C",0,0,0,0,0,0,0.666666666666667,56.5,0.068065
"39",2017,"Aznalcazar","Cistus salviifolius","A",2,2,2,2,0,4,1,56.6666666666667,0.0639933333333333
"40",2017,"Aznalcazar","Cistus salviifolius","B",0,0,0,0,0,0,1,50,0.0575733333333333
"41",2017,"Aznalcazar","Cistus salviifolius","C",0,0,0,0,0,0,0,38.6666666666667,0.03697
"42",2017,"Aznalcazar","Cistus salviifolius","D",0,0,0,0,0,0,0,53,0.07195
"43",2018,"Aznalcazar","Cistus salviifolius","A",3,3,5,0,8,13,1,56.3333333333333,0.0613
"44",2018,"Aznalcazar","Cistus salviifolius","B",3,3,8,0,10,18,1,33.6666666666667,0.0436833333333333
"45",2018,"Aznalcazar","Cistus salviifolius","C",1,1,0,0,10,10,1,50,0.0670333333333333
"46",2018,"Aznalcazar","Cistus salviifolius","D",1,1,0,0,3,3,1,45,0.0429833333333333
"47",2015,"Aznalcazar","Halimium commutatum","A",1,1,0,0,1,1,0,0,0
"48",2015,"Aznalcazar","Lavandula pedunculata","A",0,0,0,0,0,0,0.275641025641026,1.875,0.000455
"49",2015,"Aznalcazar","Lavandula pedunculata","B",0,0,0,0,0,0,0.116959064327485,1.4,0.000482
"50",2015,"Aznalcazar","Lavandula pedunculata","C",0,0,0,0,0,0,0.41947188066922,0,0
"51",2016,"Aznalcazar","Lavandula pedunculata","A",0,0,0,0,0,0,0.911290322580645,1.25,0.0004975
"52",2016,"Aznalcazar","Lavandula pedunculata","B",0,0,0,0,0,0,1,1.8,0.000604
"53",2017,"Aznalcazar","Lavandula pedunculata","A",2,2,0,0,6,6,0.557482394366197,1.66666666666667,0.000578333333333333
"54",2017,"Aznalcazar","Lavandula pedunculata","B",0,0,0,0,0,0,0.811196379378198,2.0625,0.000499375
"55",2018,"Aznalcazar","Lavandula pedunculata","A",2,2,0,0,26,26,0.495726495726496,2,0.0012
"56",2018,"Aznalcazar","Lavandula pedunculata","B",3,3,0,3,12,15,0.692982456140351,2.33333333333333,0.00119333333333333
"57",2018,"Aznalcazar","Lavandula pedunculata","C",2,2,0,0,15,15,0.8125,3,0.00152333333333333
"58",2018,"Aznalcazar","Lavandula pedunculata","D",3,3,0,0,62,62,0.764227642276423,1.66666666666667,0.00108333333333333
"59",2015,"Aznalcazar","Lavandula stoechas","A",2,2,0,0,2,2,0,0,0
"60",2015,"Aznalcazar","Lavandula stoechas","B",2,2,0,0,2,2,0,0,0
"61",2015,"Aznalcazar","Lavandula stoechas","C",2,2,0,0,4,4,0,0,0
"62",2017,"Aznalcazar","Lavandula stoechas","B",2,2,0,0,10,10,0,0,0
"63",2015,"Aznalcazar","Rosmarinus officinalis","A",2,2,0,0,2,2,0,0,0
"64",2015,"Aznalcazar","Rosmarinus officinalis","B",1,1,0,0,2,2,0,0,0
"65",2016,"Aznalcazar","Rosmarinus officinalis","A",1,1,0,0,1,1,0,0,0
"66",2016,"Aznalcazar","Rosmarinus officinalis","B",2,2,0,0,8,8,0,0,0
"67",2017,"Aznalcazar","Rosmarinus officinalis","A",1,1,0,0,41,41,0,0,0
"68",2017,"Aznalcazar","Rosmarinus officinalis","B",2,2,0,1,168,169,0,2.11111111111111,0.000488888888888889
"69",2017,"Aznalcazar","Rosmarinus officinalis","C",1,1,0,0,16,16,0,2.16666666666667,0.000493333333333333
"70",2018,"Aznalcazar","Rosmarinus officinalis","A",1,1,0,0,36,36,0,0,0
"71",2018,"Aznalcazar","Rosmarinus officinalis","B",2,2,0,0,92,92,0,0,0
"72",2018,"Aznalcazar","Rosmarinus officinalis","C",2,2,0,2,52,54,0,0,0
"73",2018,"Aznalcazar","Rosmarinus officinalis","D",1,1,0,0,75,75,0,0,0
"74",2018,"Aznalcazar","Rosmarinus officinalis","E",2,2,0,0,37,37,0,0,0
"75",2015,"Bonares","Cistus crispus","A",0,0,0,0,0,0,0.590151515151515,27,0.015318
"76",2015,"Bonares","Cistus crispus","B",0,0,0,0,0,0,0.555555555555556,25.375,0.00688875
"77",2016,"Bonares","Cistus crispus","A",0,0,0,0,0,0,0.8,27.3333333333333,0.0147466666666667
"78",2016,"Bonares","Cistus crispus","B",0,0,0,0,0,0,0.428571428571429,22.6666666666667,0.01291
"79",2017,"Bonares","Cistus crispus","A",0,0,0,0,0,0,0.5,13,0.00899
"80",2017,"Bonares","Cistus crispus","B",0,0,0,0,0,0,0,0,0
"81",2018,"Bonares","Cistus crispus","A",3,3,0,0,25,25,0.909090909090909,42.3333333333333,0.0202533333333333
"82",2018,"Bonares","Cistus crispus","B",3,3,1,0,22,23,1,29,0.01384
"83",2018,"Bonares","Cistus crispus","C",3,3,0,0,13,13,1,36,0.0199166666666667
"84",2018,"Bonares","Cistus crispus","D",1,1,0,0,2,2,1,47.6666666666667,0.0251833333333333
"85",2015,"Bonares","Cistus ladanifer","A",2,2,0,0,2,2,0.888888888888889,287.666666666667,0.0795266666666667
"86",2015,"Bonares","Cistus ladanifer","B",1,1,0,0,1,1,1,213,0.050955
"87",2015,"Bonares","Cistus ladanifer","C",1,1,0,0,3,3,1,269.666666666667,0.06537
"88",2015,"Bonares","Cistus ladanifer","D",0,0,0,0,0,0,1,267.5,0.070365
"89",2016,"Bonares","Cistus ladanifer","A",0,0,0,0,0,0,0,68,0.01848
"90",2017,"Bonares","Cistus ladanifer","A",0,0,0,0,0,0,1,494.333333333333,0.11553
"91",2017,"Bonares","Cistus ladanifer","B",0,0,0,0,0,0,1,519.5,0.16719
"92",2018,"Bonares","Cistus ladanifer","A",1,1,2,0,0,2,1,499.5,0.1312
"93",2018,"Bonares","Cistus ladanifer","B",2,2,3,0,3,6,1,515,0.13741
"94",2018,"Bonares","Cistus ladanifer","C",1,1,15,0,0,15,1,505,0.134285
"95",2018,"Bonares","Cistus ladanifer","D",0,0,0,0,0,0,1,454,0.128155
"96",2015,"Bonares","Cistus salviifolius","A",2,2,0,1,2,3,0.925925925925926,60,0.0720366666666667
"97",2015,"Bonares","Cistus salviifolius","B",2,2,0,0,3,3,0.761904761904762,40.6,0.033884
"98",2015,"Bonares","Cistus salviifolius","C",4,4,1,0,3,4,1,57.6666666666667,0.0551433333333333
"99",2016,"Bonares","Cistus salviifolius","A",0,1,0,0,1,1,1,7,0.01433
"100",2016,"Bonares","Cistus salviifolius","B",0,0,0,0,0,0,1,32,0.03795
"101",2017,"Bonares","Cistus salviifolius","A",4,4,0,0,5,5,1,46,0.0582533333333333
"102",2017,"Bonares","Cistus salviifolius","B",3,3,1,1,1,3,1,49,0.0598733333333333
"103",2018,"Bonares","Cistus salviifolius","A",1,1,7,0,0,7,0,45,0.03135
"104",2018,"Bonares","Cistus salviifolius","B",1,1,2,0,0,2,1,54,0.05799
"105",2018,"Bonares","Cistus salviifolius","C",2,2,3,0,3,6,1,42.6666666666667,0.04926
"106",2018,"Bonares","Cistus salviifolius","D",1,1,0,0,4,4,1,63,0.0539766666666667
"107",2018,"Bonares","Cistus salviifolius","E",1,1,0,0,3,3,0,0,0
"108",2015,"Bonares","Halimium commutatum","A",0,0,0,0,0,0,0,0,0
"109",2015,"Bonares","Halimium commutatum","B",0,0,0,0,0,0,0.0833333333333333,0,0
"110",2015,"Bonares","Halimium commutatum","C",2,2,0,0,2,2,0,0,0
"111",2016,"Bonares","Halimium commutatum","A",2,3,1,1,1,3,1,2,0.00325666666666667
"112",2016,"Bonares","Halimium commutatum","B",1,1,2,0,0,2,0,0,0
"113",2017,"Bonares","Halimium commutatum","A",1,1,0,1,0,1,1,1.33333333333333,0.00545333333333333
"114",2017,"Bonares","Halimium commutatum","B",0,0,0,0,0,0,1,2.2,0.007274
"115",2018,"Bonares","Halimium commutatum","A",1,1,0,0,13,13,0,0,0
"116",2018,"Bonares","Halimium commutatum","B",4,4,0,3,28,31,0,0,0
"117",2018,"Bonares","Halimium commutatum","D",1,1,0,0,3,3,0,0,0
"118",2018,"Bonares","Halimium commutatum","E",1,1,0,0,23,23,0,0,0
"119",2016,"Bonares","Halimium halimifolium","A",1,1,1,0,0,1,0,0,0
"120",2018,"Bonares","Halimium halimifolium","A",0,1,0,0,4,4,1,11.5,0.007805
"121",2018,"Bonares","Halimium halimifolium","B",2,2,1,0,6,7,0.666666666666667,15.5,0.008245
"122",2018,"Bonares","Halimium halimifolium","C",3,3,5,0,39,44,0.714285714285714,11.3333333333333,0.00528333333333333
"123",2018,"Bonares","Halimium halimifolium","D",3,3,0,1,8,9,1,8.5,0.00604
"124",2017,"Bonares","Lavandula pedunculata","A",0,0,0,0,0,0,0.732954545454545,1.71428571428571,0.000585714285714286
"125",2017,"Bonares","Lavandula pedunculata","B",0,0,0,0,0,0,0.803921568627451,1.71428571428571,0.000735714285714286
"126",2015,"Bonares","Lavandula stoechas","A",1,1,0,0,33,33,0.879205046449378,1.44444444444444,0.000637777777777778
"127",2015,"Bonares","Lavandula stoechas","B",2,2,0,0,50,50,0.798204398094175,1.91666666666667,0.000678333333333333
"128",2015,"Bonares","Lavandula stoechas","C",0,0,0,0,0,0,0.736299536568822,1.92307692307692,0.000551538461538462
"129",2016,"Bonares","Lavandula stoechas","A",2,2,0,10,5,15,0.89922480620155,2.11111111111111,0.000537777777777778
"130",2016,"Bonares","Lavandula stoechas","B",2,2,0,3,15,18,0.915094339622642,2.11111111111111,0.00045
"131",2017,"Bonares","Lavandula stoechas","A",1,1,0,0,24,24,0,0,0
"132",2017,"Bonares","Lavandula stoechas","B",2,2,0,0,21,21,0,0,0
"133",2018,"Bonares","Lavandula stoechas","A",2,2,0,12,5,17,0,0,0
"134",2015,"Convento de la Luz","Cistus crispus","A",1,1,0,0,1,1,0,0,0
"135",2017,"Convento de la Luz","Cistus crispus","A",0,0,0,0,0,0,0,27,0.0139766666666667
"136",2017,"Convento de la Luz","Cistus crispus","B",0,0,0,0,0,0,0.55,29.5,0.015565
"137",2018,"Convento de la Luz","Cistus crispus","A",1,1,0,0,8,8,0.428571428571429,42,0.0212333333333333
"138",2018,"Convento de la Luz","Cistus crispus","B",3,3,1,0,2,3,0.5,36,0.0203966666666667
"139",2018,"Convento de la Luz","Cistus crispus","C",0,0,0,0,0,0,1,34.5,0.019205
"140",2018,"Convento de la Luz","Cistus crispus","D",0,0,0,0,0,0,0.75,34,0.0166766666666667
"141",2015,"Convento de la Luz","Cistus ladanifer","A",5,5,3,0,13,16,1,569.5,0.14401
"142",2015,"Convento de la Luz","Cistus ladanifer","B",1,1,0,0,64,64,0.444444444444444,107,0.03072
"143",2015,"Convento de la Luz","Cistus ladanifer","C",0,0,0,0,0,0,1,220,0.07946
"144",2016,"Convento de la Luz","Cistus ladanifer","A",0,0,0,0,0,0,1,113,0.04297
"145",2016,"Convento de la Luz","Cistus ladanifer","B",0,0,0,0,0,0,1,417,0.1203
"146",2017,"Convento de la Luz","Cistus ladanifer","A",2,2,4,0,1,5,1,700.666666666667,0.210983333333333
"147",2017,"Convento de la Luz","Cistus ladanifer","B",1,1,1,0,0,1,1,329.333333333333,0.112026666666667
"148",2015,"Convento de la Luz","Cistus salviifolius","A",3,3,1,0,20,21,1,0,0
"149",2015,"Convento de la Luz","Cistus salviifolius","B",3,4,1,1,26,28,1,40.4,0.039378
"150",2015,"Convento de la Luz","Cistus salviifolius","C",0,1,0,0,2,2,0,0,0
"151",2016,"Convento de la Luz","Cistus salviifolius","A",0,0,0,0,0,0,1,16.6666666666667,0.0224066666666667
"152",2016,"Convento de la Luz","Cistus salviifolius","B",0,0,0,0,0,0,0,15,0.0164533333333333
"153",2017,"Convento de la Luz","Cistus salviifolius","A",2,2,3,0,1,4,1,51,0.07006
"154",2017,"Convento de la Luz","Cistus salviifolius","B",0,0,0,0,0,0,1,56,0.0665366666666667
"155",2018,"Convento de la Luz","Cistus salviifolius","A",0,0,0,0,0,0,1,51.5,0.05155
"156",2018,"Convento de la Luz","Cistus salviifolius","B",0,0,0,0,0,0,0.714285714285714,49,0.0529066666666667
"157",2018,"Convento de la Luz","Cistus salviifolius","C",0,0,0,0,0,0,0.666666666666667,47.5,0.055
"158",2018,"Convento de la Luz","Cistus salviifolius","D",0,0,0,0,0,0,1,56,0.06417
"159",2015,"Convento de la Luz","Halimium halimifolium","A",0,0,0,0,0,0,0.738888888888889,15.7777777777778,0.00764333333333333
"160",2015,"Convento de la Luz","Halimium halimifolium","B",0,0,0,0,0,0,0,0,0
"161",2016,"Convento de la Luz","Halimium halimifolium","A",0,0,0,0,0,0,0.916666666666667,14.75,0.007675
"162",2016,"Convento de la Luz","Halimium halimifolium","B",0,0,0,0,0,0,0.333333333333333,18.6666666666667,0.00667
"163",2017,"Convento de la Luz","Halimium halimifolium","A",3,3,2,0,1,3,1,17.3333333333333,0.00861666666666667
"164",2017,"Convento de la Luz","Halimium halimifolium","B",1,1,2,0,0,2,1,16.6666666666667,0.00856
"165",2018,"Convento de la Luz","Halimium halimifolium","A",6,6,17,0,14,31,1,30.5,0.017745
"166",2018,"Convento de la Luz","Halimium halimifolium","B",5,5,8,0,27,35,0.666666666666667,27.6666666666667,0.0138866666666667
"167",2018,"Convento de la Luz","Halimium halimifolium","C",6,6,5,0,21,26,0.5,24.5,0.013565
"168",2018,"Convento de la Luz","Halimium halimifolium","D",1,1,1,0,0,1,0.7,27.6666666666667,0.0142266666666667
"169",2016,"Convento de la Luz","Lavandula pedunculata","A",1,2,1,0,11,12,0.977611940298508,1.33333333333333,0.000653333333333333
"170",2016,"Convento de la Luz","Lavandula pedunculata","B",0,0,0,0,0,0,0.902439024390244,1.4,0.000614
"171",2015,"Convento de la Luz","Lavandula stoechas","A",0,0,0,0,0,0,0.764029823033612,2.09090909090909,0.000473181818181818
"172",2015,"Convento de la Luz","Rosmarinus officinalis","A",0,0,0,0,0,0,0.849143610013175,1.33333333333333,8e-04
"173",2015,"Convento de la Luz","Rosmarinus officinalis","B",1,1,0,0,36,36,0.881907308377897,1.91666666666667,0.000513333333333333
"174",2015,"Convento de la Luz","Rosmarinus officinalis","C",0,0,0,0,0,0,0.835796923914523,1.92857142857143,0.000402857142857143
"175",2017,"Convento de la Luz","Rosmarinus officinalis","A",1,1,0,0,23,23,0,0,0
"176",2017,"Convento de la Luz","Rosmarinus officinalis","B",1,1,0,0,3,3,0,0,0
"177",2018,"Convento de la Luz","Rosmarinus officinalis","A",3,4,3,2,385,390,0,0,0
"178",2018,"Convento de la Luz","Rosmarinus officinalis","B",1,2,0,0,610,610,0,0,0
"179",2018,"Convento de la Luz","Rosmarinus officinalis","C",4,4,0,0,305,305,0,0,0
"180",2018,"Convento de la Luz","Rosmarinus officinalis","D",2,2,0,0,112,112,0,0,0
"181",2018,"Convento de la Luz","Rosmarinus officinalis","E",2,3,0,0,40,40,0,0,0
"182",2015,"Cotito de Santa Teresa","Asphodelus fistulosus","A",1,1,0,0,1,1,0,0,0
"183",2017,"Cotito de Santa Teresa","Asphodelus fistulosus","A",1,1,0,0,1,1,1,2.5,0.00292
"184",2017,"Cotito de Santa Teresa","Asphodelus fistulosus","B",1,1,0,0,3,3,0.666666666666667,3.25,0.014225
"185",2017,"Cotito de Santa Teresa","Asphodelus fistulosus","C",1,1,0,0,4,4,0,0,0
"186",2015,"Cotito de Santa Teresa","Cistus crispus","A",1,1,0,0,1,1,0,0,0
"187",2015,"Cotito de Santa Teresa","Cistus crispus","B",2,2,0,0,3,3,0,0,0
"188",2017,"Cotito de Santa Teresa","Cistus crispus","A",0,0,0,0,0,0,1,0,0
"189",2017,"Cotito de Santa Teresa","Cistus crispus","B",1,2,0,0,3,3,0.8,19.5,0.01127
"190",2018,"Cotito de Santa Teresa","Cistus crispus","A",2,2,0,0,13,13,1,39.3333333333333,0.0191233333333333
"191",2018,"Cotito de Santa Teresa","Cistus crispus","B",3,3,0,0,14,14,1,34.6666666666667,0.01693
"192",2018,"Cotito de Santa Teresa","Cistus crispus","C",4,6,1,0,24,25,0.166666666666667,13,0.00656
"193",2018,"Cotito de Santa Teresa","Cistus crispus","D",0,0,0,0,0,0,0.666666666666667,41.5,0.017875
"194",2015,"Cotito de Santa Teresa","Cistus salviifolius","A",1,1,0,0,1,1,0.948717948717949,38.8333333333333,0.0334516666666667
"195",2015,"Cotito de Santa Teresa","Cistus salviifolius","B",1,1,0,2,0,2,0.555555555555556,38.2,0.043568
"196",2016,"Cotito de Santa Teresa","Cistus salviifolius","A",1,1,1,0,0,1,0,0,0
"197",2016,"Cotito de Santa Teresa","Cistus salviifolius","B",1,1,1,0,0,1,0,0,0
"198",2017,"Cotito de Santa Teresa","Cistus salviifolius","A",0,1,0,0,1,1,0,0,0
"199",2018,"Cotito de Santa Teresa","Cistus salviifolius","A",0,0,0,0,0,0,1,22,0.027485
"200",2018,"Cotito de Santa Teresa","Cistus salviifolius","B",0,0,0,0,0,0,1,52,0.04653
"201",2018,"Cotito de Santa Teresa","Cistus salviifolius","C",0,0,0,0,0,0,0.5,26.5,0.02946
"202",2018,"Cotito de Santa Teresa","Cistus salviifolius","D",0,0,0,0,0,0,1,46.5,0.05629
"203",2016,"Cotito de Santa Teresa","Halimium halimifolium","A",1,1,1,0,0,1,0,0,0
"204",2018,"Cotito de Santa Teresa","Halimium halimifolium","A",6,6,3,0,22,25,1,25,0.0102133333333333
"205",2018,"Cotito de Santa Teresa","Halimium halimifolium","B",1,1,1,0,0,1,1,38.3333333333333,0.01665
"206",2018,"Cotito de Santa Teresa","Halimium halimifolium","C",3,3,7,0,2,9,1,24,0.0114
"207",2018,"Cotito de Santa Teresa","Halimium halimifolium","D",1,1,3,0,0,3,1,13.6666666666667,0.00525
"208",2018,"Cotito de Santa Teresa","Lavandula pedunculata","A",0,0,0,0,0,0,0.646153846153846,3.33333333333333,0.00177333333333333
"209",2018,"Cotito de Santa Teresa","Lavandula pedunculata","B",0,0,0,0,0,0,0.735714285714286,3.33333333333333,0.00227
"210",2018,"Cotito de Santa Teresa","Lavandula pedunculata","C",0,0,0,0,0,0,0.85792349726776,3.33333333333333,0.00110333333333333
"211",2018,"Cotito de Santa Teresa","Lavandula pedunculata","D",0,0,0,0,0,0,0.895953757225434,2.66666666666667,0.00247
"212",2015,"Cotito de Santa Teresa","Lavandula stoechas","A",2,3,0,0,6,6,0.796190839006726,1.69230769230769,0.00156923076923077
"213",2015,"Cotito de Santa Teresa","Lavandula stoechas","B",1,1,0,0,5,5,0,0,0
"214",2016,"Cotito de Santa Teresa","Lavandula stoechas","A",1,1,0,0,13,13,0,0,0
"215",2016,"Cotito de Santa Teresa","Lavandula stoechas","B",1,1,0,0,1,1,0,0,0
"216",2018,"Cotito de Santa Teresa","Lavandula stoechas","A",2,2,0,0,88,88,0,0,0
"217",2018,"Cotito de Santa Teresa","Lavandula stoechas","B",3,3,0,0,50,50,0,0,0
"218",2018,"Cotito de Santa Teresa","Lavandula stoechas","C",5,5,0,0,54,54,0,0,0
"219",2018,"Cotito de Santa Teresa","Lavandula stoechas","D",3,5,0,0,28,28,0,0,0
"220",2015,"Cotito de Santa Teresa","Rosmarinus officinalis","A",1,1,0,0,2,2,0.984126984126984,1.66666666666667,0.000435
"221",2015,"Cotito de Santa Teresa","Rosmarinus officinalis","B",0,0,0,0,0,0,0.762352941176471,1.44444444444444,0.000444444444444444
"222",2017,"Cotito de Santa Teresa","Rosmarinus officinalis","A",1,1,0,0,74,74,1,2.28571428571429,0.000225714285714286
"223",2017,"Cotito de Santa Teresa","Rosmarinus officinalis","B",4,4,0,1,34,35,0.9,2,0.000873333333333333
"224",2017,"Cotito de Santa Teresa","Rosmarinus officinalis","C",2,2,0,0,43,43,0.722222222222222,1.5,0.000265
"225",2018,"Cotito de Santa Teresa","Rosmarinus officinalis","A",3,3,1,0,159,160,0,0,0
"226",2018,"Cotito de Santa Teresa","Rosmarinus officinalis","B",5,5,1,0,130,131,0,0,0
"227",2018,"Cotito de Santa Teresa","Rosmarinus officinalis","C",3,3,0,0,61,61,0,0,0
"228",2018,"Cotito de Santa Teresa","Rosmarinus officinalis","D",3,3,0,0,19,19,0,0,0
"229",2018,"Cotito de Santa Teresa","Rosmarinus officinalis","E",1,1,0,0,151,151,0,0,0
"230",2015,"El pinar","Cistus salviifolius","A",0,1,0,0,1,1,0,0,0
"231",2015,"El pinar","Lavandula stoechas","A",1,1,0,0,1,1,0,0,0
"232",2015,"El pinar","Rosmarinus officinalis","A",1,1,0,0,1,1,0.958333333333333,2.25,0.0004035
"233",2015,"El pinar","Rosmarinus officinalis","B",0,0,0,0,0,0,0.690936819172113,1.375,0.00056625
"234",2015,"El pinar","Rosmarinus officinalis","C",0,0,0,0,0,0,0.625,1.625,0.0004625
"235",2017,"El pozo","Cistus crispus","A",0,0,0,0,0,0,0,0,0
"236",2017,"El pozo","Cistus crispus","B",0,0,0,0,0,0,0,7.5,0.00283
"237",2018,"El pozo","Cistus crispus","A",3,4,0,0,14,14,0.8,18.6666666666667,0.01021
"238",2018,"El pozo","Cistus crispus","B",3,4,0,0,16,16,0.714285714285714,27.6666666666667,0.0153466666666667
"239",2018,"El pozo","Cistus crispus","C",2,2,0,0,2,2,1,31.3333333333333,0.01452
"240",2018,"El pozo","Cistus crispus","D",0,0,0,0,0,0,1,33,0.01494
"241",2015,"El pozo","Cistus ladanifer","A",2,2,0,0,3,3,0,0,0
"242",2015,"El pozo","Cistus ladanifer","B",1,1,0,0,2,2,0,0,0
"243",2016,"El pozo","Cistus ladanifer","A",2,2,0,1,1,2,0,175,0.04105
"244",2016,"El pozo","Cistus ladanifer","B",1,1,0,0,1,1,0,57,0.00275
"245",2017,"El pozo","Cistus ladanifer","A",1,1,0,0,1,1,0,0,0
"246",2017,"El pozo","Cistus ladanifer","B",1,1,1,0,0,1,0,0,0
"247",2017,"El pozo","Cistus ladanifer","C",1,1,0,0,2,2,0,0,0
"248",2015,"El pozo","Cistus salviifolius","A",1,1,0,0,3,3,0,0,0
"249",2015,"El pozo","Cistus salviifolius","B",1,1,0,0,1,1,0,0,0
"250",2016,"El pozo","Cistus salviifolius","A",1,1,0,0,3,3,1,48,0.044585
"251",2016,"El pozo","Cistus salviifolius","B",1,1,0,0,1,1,1,23,0.02597
"252",2017,"El pozo","Cistus salviifolius","A",1,1,0,1,0,1,0,0,0
"253",2017,"El pozo","Cistus salviifolius","B",0,1,0,0,1,1,0,0,0
"254",2018,"El pozo","Cistus salviifolius","A",0,0,0,0,0,0,0,0,0
"255",2018,"El pozo","Cistus salviifolius","B",0,0,0,0,0,0,0,0,0
"256",2018,"El pozo","Cistus salviifolius","C",0,0,0,0,0,0,0,20,0.018265
"257",2018,"El pozo","Cistus salviifolius","D",0,0,0,0,0,0,1,16.5,0.022285
"258",2016,"El pozo","Halimium halimifolium","A",0,0,0,0,0,0,1,13.3333333333333,0.00509
"259",2016,"El pozo","Halimium halimifolium","B",0,0,0,0,0,0,1,2.66666666666667,0.00104333333333333
"260",2018,"El pozo","Halimium halimifolium","A",1,1,1,0,0,1,1,16.3333333333333,0.00731333333333333
"261",2018,"El pozo","Halimium halimifolium","B",2,2,0,0,3,3,0.6,16.6666666666667,0.00970333333333333
"262",2018,"El pozo","Halimium halimifolium","C",1,1,1,0,0,1,0.333333333333333,6,0.003385
"263",2018,"El pozo","Halimium halimifolium","D",0,0,0,0,0,0,0.75,15,0.00635666666666667
"264",2017,"El pozo","Lavandula stoechas","A",1,1,0,0,15,15,0,0,0
"265",2015,"El pozo","Rosmarinus officinalis","A",0,0,0,0,0,0,0.849195402298851,2.15789473684211,0.000672105263157895
"266",2015,"El pozo","Rosmarinus officinalis","B",1,1,0,0,2,2,0.814462081128748,2.18181818181818,0.00035030303030303
"267",2016,"El pozo","Rosmarinus officinalis","A",4,4,0,0,12,12,0,2,0.000926666666666667
"268",2016,"El pozo","Rosmarinus officinalis","B",0,0,0,0,0,0,0,4,0.00051
"269",2017,"El pozo","Rosmarinus officinalis","A",1,1,0,0,125,125,0,0,0
"270",2017,"El pozo","Rosmarinus officinalis","B",1,1,0,0,134,134,0,0,0
"271",2017,"El pozo","Rosmarinus officinalis","C",1,2,0,0,36,36,0,0,0
"272",2018,"El pozo","Rosmarinus officinalis","A",2,3,0,0,182,182,0,0,0
"273",2018,"El pozo","Rosmarinus officinalis","B",5,5,3,0,108,111,0,0,0
"274",2018,"El pozo","Rosmarinus officinalis","C",5,5,2,0,100,102,0,0,0
"275",2018,"El pozo","Rosmarinus officinalis","D",2,2,0,0,76,76,0,0,0
"276",2018,"El pozo","Rosmarinus officinalis","E",2,2,0,0,148,148,0,0,0
"277",2015,"Esparragal","Cistus crispus","A",1,1,0,0,1,1,0,0,0
"278",2015,"Esparragal","Cistus crispus","B",3,3,0,1,2,3,0,0,0
"279",2016,"Esparragal","Cistus crispus","A",0,0,0,0,0,0,0.8,31.6666666666667,0.01505
"280",2016,"Esparragal","Cistus crispus","B",0,0,0,0,0,0,0.4,19.5,0.008795
"281",2017,"Esparragal","Cistus crispus","A",0,0,0,0,0,0,0.4,30,0.016525
"282",2017,"Esparragal","Cistus crispus","B",0,1,0,0,1,1,0.4,36,0.020005
"283",2018,"Esparragal","Cistus crispus","A",4,4,0,0,23,23,1,12,0.006625
"284",2018,"Esparragal","Cistus crispus","B",3,4,0,0,15,15,0.5,26.5,0.01352
"285",2018,"Esparragal","Cistus crispus","C",3,3,0,0,18,18,0.75,26,0.00679333333333333
"286",2018,"Esparragal","Cistus crispus","D",3,4,0,0,22,22,1,32,0.01609
"287",2015,"Esparragal","Cistus salviifolius","A",2,4,0,1,5,6,0.8,15.6666666666667,0.01833
"288",2015,"Esparragal","Cistus salviifolius","B",2,2,1,0,2,3,0,0,0
"289",2016,"Esparragal","Cistus salviifolius","A",0,0,0,0,0,0,1,32.3333333333333,0.0284233333333333
"290",2016,"Esparragal","Cistus salviifolius","B",0,0,0,0,0,0,0,18.5,0.02203
"291",2017,"Esparragal","Cistus salviifolius","A",0,0,0,0,0,0,1,56.6666666666667,0.06867
"292",2017,"Esparragal","Cistus salviifolius","B",0,0,0,0,0,0,1,38,0.047
"293",2018,"Esparragal","Cistus salviifolius","A",1,1,0,0,1,1,1,31,0.041205
"294",2018,"Esparragal","Cistus salviifolius","B",1,1,0,2,0,2,1,25.3333333333333,0.0267733333333333
"295",2018,"Esparragal","Cistus salviifolius","C",0,0,0,0,0,0,1,51.3333333333333,0.06453
"296",2018,"Esparragal","Cistus salviifolius","D",0,0,0,0,0,0,0,13,0.014555
"297",2015,"Esparragal","Halimium commutatum","A",0,0,0,0,0,0,0,0,0
"298",2015,"Esparragal","Halimium commutatum","B",1,1,0,1,0,1,0.333333333333333,0,0
"299",2015,"Esparragal","Halimium commutatum","C",2,2,0,1,1,2,0.333333333333333,0,0
"300",2016,"Esparragal","Halimium commutatum","A",0,0,0,0,0,0,1,3.5,0.01413
"301",2016,"Esparragal","Halimium commutatum","B",0,0,0,0,0,0,1,1.8,0.00466
"302",2017,"Esparragal","Halimium commutatum","A",1,1,0,1,0,1,1,2.36363636363636,0.00395636363636364
"303",2017,"Esparragal","Halimium commutatum","B",1,3,0,1,19,20,1,1.875,0.003045
"304",2018,"Esparragal","Halimium commutatum","A",2,2,0,6,7,13,0,0,0
"305",2018,"Esparragal","Halimium commutatum","B",1,1,0,0,10,10,0,0,0
"306",2018,"Esparragal","Halimium commutatum","C",3,3,1,3,8,12,0,0,0
"307",2018,"Esparragal","Halimium commutatum","D",1,1,0,0,46,46,0,0,0
"308",2015,"Esparragal","Halimium halimifolium","A",0,0,0,0,0,0,1,12.5714285714286,0.00688428571428571
"309",2015,"Esparragal","Halimium halimifolium","B",4,4,2,1,1,4,0,0,0
"310",2016,"Esparragal","Halimium halimifolium","A",2,2,4,1,0,5,0.857142857142857,21.3333333333333,0.00299
"311",2016,"Esparragal","Halimium halimifolium","B",1,1,2,0,0,2,1,25,0.0107866666666667
"312",2017,"Esparragal","Halimium halimifolium","A",0,0,0,0,0,0,0.777777777777778,10.6666666666667,0.00332
"313",2017,"Esparragal","Halimium halimifolium","B",0,0,0,0,0,0,1,6.66666666666667,0.00451
"314",2018,"Esparragal","Halimium halimifolium","A",2,2,0,0,23,23,1,32.6666666666667,0.0126366666666667
"315",2018,"Esparragal","Halimium halimifolium","B",2,2,1,0,28,29,1,18.3333333333333,0.00879
"316",2018,"Esparragal","Halimium halimifolium","C",4,4,1,1,3,5,1,28,0.0145566666666667
"317",2018,"Esparragal","Halimium halimifolium","D",1,1,0,0,15,15,1,5.33333333333333,0.00411666666666667
"318",2015,"Esparragal","Lavandula pedunculata","A",0,0,0,0,0,0,0.827053980644634,1.55555555555556,0.000562222222222222
"319",2015,"Esparragal","Lavandula pedunculata","B",0,0,0,0,0,0,0.766978416411881,1.45454545454545,0.000196363636363636
"320",2017,"Esparragal","Lavandula pedunculata","A",1,1,0,0,3,3,0,0,0
"321",2017,"Esparragal","Lavandula pedunculata","B",1,1,0,0,1,1,0,0,0
"322",2015,"Esparragal","Lavandula stoechas","A",1,1,0,0,1,1,0,0,0
"323",2016,"Esparragal","Lavandula stoechas","A",1,1,0,0,1,1,0.940594059405941,1,0.000585
"324",2016,"Esparragal","Lavandula stoechas","B",1,1,0,0,2,2,0.884615384615385,1,0.000483333333333333
"325",2017,"Esparragal","Lavandula stoechas","A",1,1,0,0,1,1,0,0,0
"326",2017,"Esparragal","Lavandula stoechas","B",1,1,0,0,3,3,0,0,0
"327",2015,"La Cuña","Cistus salviifolius","A",2,2,2,0,4,6,1,13,0.0172
"328",2015,"La Cuña","Cistus salviifolius","B",8,8,2,1,5,8,0.888888888888889,29.3333333333333,0.03081
"329",2016,"La Cuña","Cistus salviifolius","A",0,0,0,0,0,0,0,23.3333333333333,0.0259566666666667
"330",2016,"La Cuña","Cistus salviifolius","B",0,0,0,0,0,0,1,34,0.0360533333333333
"331",2017,"La Cuña","Cistus salviifolius","A",1,1,0,1,0,1,1,66.6666666666667,0.07218
"332",2017,"La Cuña","Cistus salviifolius","B",0,0,0,0,0,0,1,65.6666666666667,0.05632
"333",2018,"La Cuña","Cistus salviifolius","A",0,0,0,0,0,0,0,23,0.02267
"334",2018,"La Cuña","Cistus salviifolius","B",0,0,0,0,0,0,1,19,0.02535
"335",2018,"La Cuña","Cistus salviifolius","C",0,0,0,0,0,0,1,53,0.07263
"336",2018,"La Cuña","Cistus salviifolius","D",0,0,0,0,0,0,1,23,0.02639
"337",2015,"La Cuña","Halimium commutatum","A",1,1,0,0,1,1,0,0,0
"338",2015,"La Cuña","Lavandula pedunculata","A",1,1,0,0,1,1,0.743697478991597,2.06666666666667,0.000695333333333333
"339",2015,"La Cuña","Lavandula pedunculata","B",2,2,0,0,2,2,0.528,2.23529411764706,0.000531764705882353
"340",2016,"La Cuña","Lavandula pedunculata","A",1,1,0,0,14,14,0.806451612903226,2,0.000211666666666667
"341",2016,"La Cuña","Lavandula pedunculata","B",1,1,0,0,5,5,0,0,0
"342",2017,"La Cuña","Lavandula pedunculata","A",0,0,0,0,0,0,0.536842105263158,1.875,0.000665
"343",2017,"La Cuña","Lavandula pedunculata","B",0,0,0,0,0,0,0.571428571428571,1,0.000823333333333333
"344",2018,"La Cuña","Lavandula pedunculata","A",1,1,0,0,1,1,0.788461538461538,2.33333333333333,0.00125666666666667
"345",2018,"La Cuña","Lavandula pedunculata","B",0,0,0,0,0,0,0.6,2,0.00174666666666667
"346",2018,"La Cuña","Lavandula pedunculata","C",0,0,0,0,0,0,0.51063829787234,1,0.000743333333333333
"347",2018,"La Cuña","Lavandula pedunculata","D",0,0,0,0,0,0,0.720779220779221,2,0.00148666666666667
"348",2015,"La Cuña","Rosmarinus officinalis","A",2,2,0,0,2,2,0.606488841782959,2.36363636363636,0.000503181818181818
"349",2015,"La Cuña","Rosmarinus officinalis","B",1,1,0,0,1,1,0.497821350762527,1.86666666666667,0.000509333333333333
"350",2017,"La Cuña","Rosmarinus officinalis","A",1,1,0,0,48,48,0,0,0
"351",2017,"La Cuña","Rosmarinus officinalis","B",1,1,0,0,9,9,0,0,0
"352",2018,"La Cuña","Rosmarinus officinalis","A",1,1,0,0,108,108,0,0,0
"353",2018,"La Cuña","Rosmarinus officinalis","B",1,1,0,0,16,16,0,0,0
"354",2018,"La Cuña","Rosmarinus officinalis","C",2,2,2,0,13,15,0,0,0
"355",2018,"La Cuña","Rosmarinus officinalis","D",2,2,1,0,30,31,0,0,0
"356",2015,"La Rocina","Halimium commutatum","A",3,3,11,0,1,12,0.55952380952381,1.875,0.00356
"357",2015,"La Rocina","Halimium commutatum","B",5,6,5,3,2,10,0,0,0
"358",2016,"La Rocina","Halimium commutatum","A",3,3,4,0,2,6,0,0,0
"359",2016,"La Rocina","Halimium commutatum","B",3,3,6,0,1,7,0,0,0
"360",2017,"La Rocina","Halimium commutatum","A",3,3,1,2,1,4,0,0,0
"361",2017,"La Rocina","Halimium commutatum","B",1,1,0,2,0,2,0,0,0
"362",2017,"La Rocina","Halimium commutatum","C",1,1,0,0,1,1,0,0,0
"363",2018,"La Rocina","Halimium commutatum","A",1,1,0,0,8,8,0,0,0
"364",2018,"La Rocina","Halimium commutatum","C",1,1,0,0,8,8,0,0,0
"365",2018,"La Rocina","Halimium commutatum","E",1,1,1,0,0,1,0,0,0
"366",2015,"La Rocina","Halimium halimifolium","A",0,0,0,0,0,0,0.0833333333333333,2,0.0274333333333333
"367",2016,"La Rocina","Halimium halimifolium","A",0,0,0,0,0,0,0,0,0
"368",2016,"La Rocina","Halimium halimifolium","B",0,0,0,0,0,0,0.714285714285714,13.3333333333333,0.00573333333333333
"369",2017,"La Rocina","Halimium halimifolium","A",0,0,0,0,0,0,0.5,13.3333333333333,0.00611666666666667
"370",2017,"La Rocina","Halimium halimifolium","B",0,0,0,0,0,0,1,17.6666666666667,0.00863666666666667
"371",2018,"La Rocina","Halimium halimifolium","A",2,2,0,0,12,12,1,19.5,0.007455
"372",2018,"La Rocina","Halimium halimifolium","B",0,0,0,0,0,0,0.666666666666667,22,0.01334
"373",2018,"La Rocina","Halimium halimifolium","C",1,1,0,0,5,5,0,0,0
"374",2018,"La Rocina","Halimium halimifolium","D",0,0,0,0,0,0,0,0,0
"375",2016,"La Rocina","Lavandula pedunculata","A",1,1,0,0,9,9,0,1.875,0.00067375
"376",2016,"La Rocina","Lavandula pedunculata","B",2,3,0,5,5,10,0,2.28571428571429,0.000282857142857143
"377",2017,"La Rocina","Lavandula pedunculata","A",0,0,0,0,0,0,0.694915254237288,1.8,0.000696
"378",2017,"La Rocina","Lavandula pedunculata","B",0,0,0,0,0,0,0.552083333333333,2.2,0.000438
"379",2018,"La Rocina","Lavandula pedunculata","A",1,1,0,0,16,16,0.836206896551724,2.66666666666667,0.00164
"380",2018,"La Rocina","Lavandula pedunculata","B",1,2,0,5,8,13,0.828282828282828,2,0.00150666666666667
"381",2018,"La Rocina","Lavandula pedunculata","C",5,5,0,6,33,39,0.792,3,0.00117666666666667
"382",2018,"La Rocina","Lavandula pedunculata","D",3,3,0,0,47,47,0.639705882352941,2,0.00134666666666667
"383",2015,"La Rocina","Rosmarinus officinalis","A",1,1,0,0,1,1,0.282608695652174,1.5,0.00064
"384",2015,"La Rocina","Rosmarinus officinalis","B",1,2,0,0,3,3,0,0,0
"385",2016,"La Rocina","Rosmarinus officinalis","A",2,2,0,0,5,5,0,0,0
"386",2016,"La Rocina","Rosmarinus officinalis","B",1,1,0,0,1,1,0,0,0
"387",2017,"La Rocina","Rosmarinus officinalis","A",3,3,6,0,119,125,0,0,0
"388",2017,"La Rocina","Rosmarinus officinalis","B",5,5,0,1,77,78,0,0,0
"389",2017,"La Rocina","Rosmarinus officinalis","C",2,2,0,0,91,91,0,0,0
"390",2018,"La Rocina","Rosmarinus officinalis","A",3,4,0,0,196,196,0,0,0
"391",2018,"La Rocina","Rosmarinus officinalis","B",5,5,0,0,211,211,0,0,0
"392",2018,"La Rocina","Rosmarinus officinalis","C",2,2,0,0,177,177,0,0,0
"393",2018,"La Rocina","Rosmarinus officinalis","D",3,3,0,0,131,131,0,0,0
"394",2018,"La Rocina","Rosmarinus officinalis","E",3,3,0,0,42,42,0,0,0
"395",2015,"Las mulas","Cistus crispus","A",1,1,1,0,0,1,0,0,0
"396",2016,"Las mulas","Cistus crispus","A",3,3,1,0,9,10,0.888888888888889,39,0.0219333333333333
"397",2016,"Las mulas","Cistus crispus","B",2,2,2,0,5,7,0.666666666666667,32,0.0171566666666667
"398",2017,"Las mulas","Cistus crispus","A",0,0,0,0,0,0,0,0,0
"399",2017,"Las mulas","Cistus crispus","B",0,0,0,0,0,0,0.888888888888889,51.3333333333333,0.02784
"400",2015,"Las mulas","Cistus ladanifer","A",4,4,2,0,2,4,1,403.5,0.1097425
"401",2015,"Las mulas","Cistus ladanifer","B",0,1,0,1,0,1,1,520,0.12319
"402",2016,"Las mulas","Cistus ladanifer","A",0,0,0,0,0,0,1,573.666666666667,0.155873333333333
"403",2016,"Las mulas","Cistus ladanifer","B",0,0,0,0,0,0,1,797.666666666667,0.203883333333333
"404",2017,"Las mulas","Cistus ladanifer","A",1,1,0,0,17,17,0,0,0
"405",2017,"Las mulas","Cistus ladanifer","B",3,3,1,1,13,15,0,0,0
"406",2015,"Las mulas","Cistus salviifolius","A",0,1,0,0,2,2,1,38.6666666666667,0.0444766666666667
"407",2015,"Las mulas","Cistus salviifolius","B",0,0,0,0,0,0,0.333333333333333,57.6666666666667,0.0568133333333333
"408",2015,"Las mulas","Cistus salviifolius","C",0,0,0,0,0,0,0.333333333333333,0,0
"409",2016,"Las mulas","Cistus salviifolius","A",0,0,0,0,0,0,1,23,0.0227366666666667
"410",2016,"Las mulas","Cistus salviifolius","B",0,0,0,0,0,0,1,43.3333333333333,0.0520566666666667
"411",2017,"Las mulas","Cistus salviifolius","A",4,5,0,2,16,18,1,55.75,0.0647875
"412",2017,"Las mulas","Cistus salviifolius","B",0,0,0,0,0,0,1,56,0.065155
"413",2015,"Las mulas","Halimium commutatum","A",1,1,3,0,0,3,0.133333333333333,2,0.00248333333333333
"414",2015,"Las mulas","Halimium commutatum","B",0,0,0,0,0,0,0.2,2,0.00328333333333333
"415",2017,"Las mulas","Halimium commutatum","A",0,0,0,0,0,0,0.818181818181818,2.57142857142857,0.00474
"416",2017,"Las mulas","Halimium commutatum","B",0,0,0,0,0,0,0.9,2.36363636363636,0.00338090909090909
"417",2016,"Las mulas","Halimium halimifolium","A",0,0,0,0,0,0,1,23,0.014035
"418",2016,"Las mulas","Halimium halimifolium","B",0,0,0,0,0,0,1,30,0.0141466666666667
"419",2015,"Las mulas","Lavandula stoechas","A",2,2,0,0,7,7,0.800906483148005,1.9375,0.0004175
"420",2015,"Las mulas","Lavandula stoechas","B",1,2,0,0,9,9,0.771142011444136,2.26666666666667,0.000432666666666667
"421",2015,"Las mulas","Lavandula stoechas","C",2,2,0,1,3,4,0.632127310741092,1.875,0.0004325
"422",2016,"Las mulas","Lavandula stoechas","A",1,1,0,0,16,16,0.931818181818182,1.8,0.000684
"423",2016,"Las mulas","Lavandula stoechas","B",1,1,0,0,16,16,0.944444444444444,2,0.000767142857142857
"424",2017,"Las mulas","Lavandula stoechas","A",2,2,0,1,13,14,0.517482517482518,1.25,0.000965
"425",2017,"Las mulas","Lavandula stoechas","B",1,1,0,0,16,16,0.795081967213115,1.875,8e-04
"426",2015,"Las mulas","Rosmarinus officinalis","A",2,2,1,0,8,9,0,0,0
"427",2015,"Las mulas","Rosmarinus officinalis","B",1,1,0,0,2,2,0,0,0
"428",2017,"Las mulas","Rosmarinus officinalis","A",1,1,0,0,77,77,0,0,0
"429",2017,"Las mulas","Rosmarinus officinalis","B",1,1,0,0,71,71,0,0,0
"430",2018,"Las mulas","Rosmarinus officinalis","A",2,2,0,0,81,81,0,0,0
"431",2018,"Las mulas","Rosmarinus officinalis","B",1,1,0,0,25,25,0,0,0
"432",2018,"Las mulas","Rosmarinus officinalis","C",3,3,0,0,120,120,0,0,0
"433",2018,"Las mulas","Rosmarinus officinalis","D",1,1,0,0,45,45,0,0,0
"434",2018,"Las mulas","Rosmarinus officinalis","E",1,1,0,0,28,28,0,0,0
"435",2015,"Niebla","Asphodelus fistulosus","A",0,0,0,0,0,0,0.697619047619048,2.1875,0.0155275
"436",2015,"Niebla","Asphodelus fistulosus","B",2,2,0,0,2,2,0.947649572649573,3.2,0.025337
"437",2015,"Niebla","Asphodelus fistulosus","C",1,1,0,0,1,1,0.729859335038363,0,0
"438",2016,"Niebla","Asphodelus fistulosus","A",1,1,0,0,2,2,0.625,4.66666666666667,0.0259433333333333
"439",2016,"Niebla","Asphodelus fistulosus","B",0,0,0,0,0,0,1,2.42857142857143,0.0137914285714286
"440",2017,"Niebla","Asphodelus fistulosus","C",1,1,0,1,0,1,0,0,0
"441",2018,"Niebla","Asphodelus fistulosus","A",3,3,0,0,32,32,0,0,0
"442",2018,"Niebla","Asphodelus fistulosus","B",3,3,1,0,4,5,0,0,0
"443",2018,"Niebla","Asphodelus fistulosus","C",4,5,0,0,18,18,0,0,0
"444",2018,"Niebla","Asphodelus fistulosus","D",3,3,0,0,22,22,0,0,0
"445",2018,"Niebla","Asphodelus fistulosus","E",1,2,0,0,13,13,0,0,0
"446",2015,"Niebla","Cistus crispus","A",0,0,0,0,0,0,0.592592592592593,32.25,0.01512
"447",2015,"Niebla","Cistus crispus","B",0,0,0,0,0,0,0.65,37.25,0.0155225
"448",2016,"Niebla","Cistus crispus","A",1,1,0,0,4,4,0.8,39.3333333333333,0.0205166666666667
"449",2016,"Niebla","Cistus crispus","B",0,0,0,0,0,0,1,33.6666666666667,0.0163433333333333
"450",2017,"Niebla","Cistus crispus","A",1,2,0,0,6,6,0,38.3333333333333,0.0211333333333333
"451",2017,"Niebla","Cistus crispus","B",1,1,0,0,1,1,0.5,12,0.00592
"452",2018,"Niebla","Cistus crispus","A",3,3,0,0,17,17,1,36,0.01774
"453",2018,"Niebla","Cistus crispus","B",2,2,0,0,15,15,0.666666666666667,34.6666666666667,0.01649
"454",2018,"Niebla","Cistus crispus","C",2,2,2,0,3,5,0.8,38.6666666666667,0.02363
"455",2018,"Niebla","Cistus crispus","D",2,2,0,0,5,5,0.6,39,0.02723
"456",2015,"Niebla","Cistus ladanifer","A",3,3,16,0,1,17,0,0,0
"457",2015,"Niebla","Cistus ladanifer","B",5,5,4,0,5,9,0.866666666666667,179,0.05577
"458",2015,"Niebla","Cistus ladanifer","C",0,1,0,0,1,1,1,733,0.22324
"459",2016,"Niebla","Cistus ladanifer","A",0,1,0,0,2,2,1,195,0.04808
"460",2016,"Niebla","Cistus ladanifer","B",0,0,0,0,0,0,1,693,0.138976666666667
"461",2017,"Niebla","Cistus ladanifer","A",2,2,1,0,1,2,0,0,0
"462",2017,"Niebla","Cistus ladanifer","B",1,1,1,0,0,1,0,0,0
"463",2018,"Niebla","Cistus ladanifer","A",0,1,0,0,4,4,1,408,0.111595
"464",2018,"Niebla","Cistus ladanifer","B",2,2,0,0,8,8,1,334,0.09403
"465",2018,"Niebla","Cistus ladanifer","C",2,2,0,0,19,19,1,606.5,0.154005
"466",2018,"Niebla","Cistus ladanifer","D",0,0,0,0,0,0,1,682,0.13929
"467",2018,"Niebla","Cistus salviifolius","A",0,0,0,0,0,0,0.666666666666667,37,0.0352133333333333
"468",2018,"Niebla","Cistus salviifolius","B",0,0,0,0,0,0,0,13,0.01301
"469",2018,"Niebla","Cistus salviifolius","C",0,0,0,0,0,0,1,43.3333333333333,0.0506666666666667
"470",2018,"Niebla","Cistus salviifolius","D",0,0,0,0,0,0,1,23,0.01865
"471",2015,"Niebla","Lavandula pedunculata","A",0,0,0,0,0,0,0.68153271848924,0,0
"472",2015,"Niebla","Lavandula pedunculata","B",0,0,0,0,0,0,0.835605743230377,1.5,0.000694166666666667
"473",2015,"Niebla","Lavandula pedunculata","C",0,0,0,0,0,0,0.801656218042773,1.33333333333333,0.000787777777777778
"474",2016,"Niebla","Lavandula pedunculata","A",1,1,0,0,4,4,0.854700854700855,1.5,0.0006825
"475",2016,"Niebla","Lavandula pedunculata","B",1,1,0,0,2,2,0.831932773109244,1.4,0.000562
"476",2017,"Niebla","Lavandula pedunculata","A",0,0,0,0,0,0,0.691729323308271,2,0.000778888888888889
"477",2017,"Niebla","Lavandula pedunculata","B",0,0,0,0,0,0,0.536585365853659,1.875,0.00065625
"478",2018,"Niebla","Lavandula pedunculata","A",2,2,0,0,5,5,0.79,1.33333333333333,9e-04
"479",2018,"Niebla","Lavandula pedunculata","B",4,4,0,0,13,13,0.639344262295082,2.33333333333333,0.00140666666666667
"480",2018,"Niebla","Lavandula pedunculata","C",3,3,0,5,3,8,0.920792079207921,2,0.00091
"481",2018,"Niebla","Lavandula pedunculata","D",1,1,0,0,7,7,0.9,1,0.000863333333333333
"482",2018,"Niebla","Lavandula pedunculata","E",1,1,3,0,0,3,0,0,0
"483",2015,"Niebla","Lavandula stoechas","A",2,2,0,0,7,7,0,0,0
"484",2015,"Niebla","Lavandula stoechas","B",1,2,0,0,2,2,0,0,0
"485",2017,"Niebla","Lavandula stoechas","A",1,1,0,0,1,1,0,0,0
"486",2017,"Niebla","Lavandula stoechas","B",2,2,0,0,5,5,0,0,0
"487",2018,"Niebla","Lavandula stoechas","A",1,1,0,0,1,1,0.971428571428571,1,0.00059
"488",2018,"Niebla","Lavandula stoechas","B",1,1,0,0,3,3,0.977011494252874,1,0.000543333333333333
"489",2018,"Niebla","Lavandula stoechas","C",1,1,0,0,5,5,0,0,0
"490",2016,"Pinares de Hinojos","Cistus crispus","A",2,2,1,0,2,3,0,0,0
"491",2016,"Pinares de Hinojos","Cistus crispus","B",1,1,0,0,4,4,0,0,0
"492",2015,"Pinares de Hinojos","Cistus salviifolius","A",3,3,1,0,2,3,0.857142857142857,37.5,0.053585
"493",2015,"Pinares de Hinojos","Cistus salviifolius","B",3,3,10,0,1,11,1,39.5,0.04573
"494",2015,"Pinares de Hinojos","Cistus salviifolius","C",1,1,0,0,4,4,0,0,0
"495",2016,"Pinares de Hinojos","Cistus salviifolius","A",1,1,3,0,0,3,1,38.5,0.047415
"496",2016,"Pinares de Hinojos","Cistus salviifolius","B",0,0,0,0,0,0,1,24,0.026485
"497",2017,"Pinares de Hinojos","Cistus salviifolius","A",1,1,3,0,0,3,0,0,0
"498",2017,"Pinares de Hinojos","Cistus salviifolius","B",1,1,2,0,0,2,0,0,0
"499",2018,"Pinares de Hinojos","Cistus salviifolius","A",1,1,0,0,4,4,1,23.5,0.034745
"500",2018,"Pinares de Hinojos","Cistus salviifolius","B",1,1,3,0,0,3,1,23,0.03458
"501",2018,"Pinares de Hinojos","Cistus salviifolius","C",0,0,0,0,0,0,1,34.5,0.049955
"502",2018,"Pinares de Hinojos","Cistus salviifolius","D",0,0,0,0,0,0,0.625,38.3333333333333,0.03935
"503",2016,"Pinares de Hinojos","Halimium halimifolium","A",0,0,0,0,0,0,1,27,0.0116233333333333
"504",2017,"Pinares de Hinojos","Halimium halimifolium","A",0,0,0,0,0,0,0.8,41.6666666666667,0.0151733333333333
"505",2017,"Pinares de Hinojos","Halimium halimifolium","B",1,1,0,0,1,1,1,33,0.01264
"506",2018,"Pinares de Hinojos","Halimium halimifolium","A",1,1,5,0,0,5,0.571428571428571,41.3333333333333,0.01804
"507",2018,"Pinares de Hinojos","Halimium halimifolium","B",4,4,1,0,6,7,0.4,35,0.01393
"508",2018,"Pinares de Hinojos","Halimium halimifolium","C",5,5,3,4,2,9,0.714285714285714,19.3333333333333,0.00918
"509",2018,"Pinares de Hinojos","Halimium halimifolium","D",1,1,1,0,0,1,0.5,18.5,0.00847
"510",2018,"Pinares de Hinojos","Rosmarinus officinalis","E",1,1,0,0,16,16,0,0,0
"511",2015,"Pino del Cuervo","Asphodelus fistulosus","A",2,3,0,0,4,4,0.292929292929293,6,0.014036
"512",2015,"Pino del Cuervo","Asphodelus fistulosus","B",3,4,0,0,6,6,0.0883838383838384,0,0
"513",2015,"Pino del Cuervo","Cistus crispus","A",0,0,0,0,0,0,0.523809523809524,12.1666666666667,0.00618666666666667
"514",2015,"Pino del Cuervo","Cistus crispus","B",0,0,0,0,0,0,0.8,39.4,0.015832
"515",2015,"Pino del Cuervo","Cistus crispus","C",0,0,0,0,0,0,0,1.5,0.001425
"516",2016,"Pino del Cuervo","Cistus crispus","A",0,2,0,2,4,6,1,21.6666666666667,0.0121833333333333
"517",2016,"Pino del Cuervo","Cistus crispus","B",0,1,0,2,0,2,0.6,36.3333333333333,0.0168666666666667
"518",2017,"Pino del Cuervo","Cistus crispus","A",0,0,0,0,0,0,0.75,49.3333333333333,0.0264266666666667
"519",2017,"Pino del Cuervo","Cistus crispus","B",0,0,0,0,0,0,0.5,26,0.0131366666666667
"520",2018,"Pino del Cuervo","Cistus crispus","A",3,3,0,0,19,19,1,44,0.0241666666666667
"521",2018,"Pino del Cuervo","Cistus crispus","B",2,2,0,1,4,5,0.714285714285714,29.6666666666667,0.0144866666666667
"522",2018,"Pino del Cuervo","Cistus crispus","C",1,1,0,0,2,2,0.75,43.6666666666667,0.0229733333333333
"523",2018,"Pino del Cuervo","Cistus crispus","D",1,1,0,2,0,2,1,40.3333333333333,0.0177333333333333
"524",2015,"Pino del Cuervo","Cistus ladanifer","A",1,1,0,0,1,1,0.944444444444444,348.2,0.114244
"525",2015,"Pino del Cuervo","Cistus ladanifer","B",3,3,0,0,3,3,1,360.666666666667,0.131103333333333
"526",2015,"Pino del Cuervo","Cistus ladanifer","C",1,1,0,1,0,1,0.944444444444444,308,0.113835
"527",2016,"Pino del Cuervo","Cistus ladanifer","A",1,1,0,0,1,1,1,929,0.27028
"528",2016,"Pino del Cuervo","Cistus ladanifer","B",0,0,0,0,0,0,0,352,0.13131
"529",2017,"Pino del Cuervo","Cistus ladanifer","A",2,2,0,1,1,2,1,481.5,0.141975
"530",2017,"Pino del Cuervo","Cistus ladanifer","B",2,2,1,0,1,2,1,601.5,0.22492
"531",2016,"Pino del Cuervo","Cistus salviifolius","A",0,0,0,0,0,0,0,15,0.01065
"532",2016,"Pino del Cuervo","Cistus salviifolius","B",0,0,0,0,0,0,0,13,0.01786
"533",2017,"Pino del Cuervo","Cistus salviifolius","A",1,1,0,0,1,1,0.666666666666667,52,0.050335
"534",2017,"Pino del Cuervo","Cistus salviifolius","B",0,0,0,0,0,0,1,68.3333333333333,0.0617666666666667
"535",2017,"Pino del Cuervo","Cistus salviifolius","C",0,0,0,0,0,0,1,62.6666666666667,0.0667
"536",2018,"Pino del Cuervo","Cistus salviifolius","A",0,0,0,0,0,0,1,52.5,0.058715
"537",2018,"Pino del Cuervo","Cistus salviifolius","B",0,0,0,0,0,0,1,27,0.02877
"538",2018,"Pino del Cuervo","Cistus salviifolius","C",0,0,0,0,0,0,1,32.3333333333333,0.0307933333333333
"539",2018,"Pino del Cuervo","Cistus salviifolius","D",0,0,0,0,0,0,0,11,0.01087
"540",2015,"Pino del Cuervo","Halimium commutatum","A",2,2,2,0,0,2,0.722222222222222,2.5,0.0036425
"541",2015,"Pino del Cuervo","Halimium commutatum","B",1,1,0,1,0,1,0.4,2.58823529411765,0.00374588235294118
"542",2017,"Pino del Cuervo","Halimium commutatum","B",2,2,1,0,1,2,0,0,0
"543",2017,"Pino del Cuervo","Halimium commutatum","C",1,1,0,0,1,1,0,0,0
"544",2017,"Pino del Cuervo","Halimium halimifolium","A",0,0,0,0,0,0,1,11.6666666666667,0.00602
"545",2017,"Pino del Cuervo","Halimium halimifolium","B",0,0,0,0,0,0,1,10,0.00513666666666667
"546",2018,"Pino del Cuervo","Halimium halimifolium","A",2,2,1,0,5,6,1,24.5,0.01579
"547",2018,"Pino del Cuervo","Halimium halimifolium","B",1,1,0,3,0,3,0.666666666666667,14,0.00244
"548",2018,"Pino del Cuervo","Halimium halimifolium","C",2,2,1,0,8,9,1,26,0.0146333333333333
"549",2018,"Pino del Cuervo","Halimium halimifolium","D",0,0,0,0,0,0,1,27.3333333333333,0.01465
"550",2015,"Pino del Cuervo","Lavandula stoechas","A",2,2,2,0,4,6,0,0,0
"551",2015,"Pino del Cuervo","Lavandula stoechas","B",2,2,0,0,2,2,0,0,0
"552",2016,"Pino del Cuervo","Lavandula stoechas","A",1,1,0,0,3,3,0.954198473282443,2.28571428571429,0.000335714285714286
"553",2016,"Pino del Cuervo","Lavandula stoechas","B",0,0,0,0,0,0,0.896907216494845,1.85714285714286,0.000717142857142857
"554",2018,"Pino del Cuervo","Lavandula stoechas","A",0,0,0,0,0,0,0.775510204081633,1.33333333333333,0.000636666666666667
"555",2018,"Pino del Cuervo","Lavandula stoechas","B",0,0,0,0,0,0,0.706896551724138,2.33333333333333,0.00117
"556",2018,"Pino del Cuervo","Lavandula stoechas","C",0,0,0,0,0,0,0.543478260869565,2,0.000966666666666667
"557",2018,"Pino del Cuervo","Lavandula stoechas","D",0,0,0,0,0,0,0,0,0
"558",2015,"Pino del Cuervo","Rosmarinus officinalis","A",2,2,0,1,1,2,0.846867007672634,1.66666666666667,0.000797777777777778
"559",2015,"Pino del Cuervo","Rosmarinus officinalis","B",2,2,0,1,2,3,0.306140350877193,2.16666666666667,0.001315
"560",2017,"Pino del Cuervo","Rosmarinus officinalis","A",2,3,0,0,9,9,0,0,0
"561",2017,"Pino del Cuervo","Rosmarinus officinalis","B",3,4,0,5,9,14,0,0,0
"562",2018,"Pino del Cuervo","Rosmarinus officinalis","A",4,4,1,0,26,27,0,0,0
"563",2018,"Pino del Cuervo","Rosmarinus officinalis","B",4,5,0,0,85,85,0,0,0
"564",2018,"Pino del Cuervo","Rosmarinus officinalis","C",3,3,0,0,20,20,0,0,0
"565",2018,"Pino del Cuervo","Rosmarinus officinalis","D",1,1,2,0,0,2,0,0,0
"566",2016,"Urbanizaciones","Cistus crispus","A",0,0,0,0,0,0,0.75,44.6666666666667,0.0241733333333333
"567",2016,"Urbanizaciones","Cistus crispus","B",0,0,0,0,0,0,0.857142857142857,29.3333333333333,0.0142633333333333
"568",2017,"Urbanizaciones","Cistus crispus","A",2,2,0,0,3,3,0.333333333333333,24,0.012935
"569",2017,"Urbanizaciones","Cistus crispus","B",3,3,0,0,6,6,0.75,28,0.0127966666666667
"570",2018,"Urbanizaciones","Cistus crispus","A",5,5,0,0,38,38,1,31.6666666666667,0.01852
"571",2018,"Urbanizaciones","Cistus crispus","B",5,7,0,0,51,51,0,19,0.00982
"572",2018,"Urbanizaciones","Cistus crispus","C",4,4,0,2,48,50,0.555555555555556,16.3333333333333,0.0103733333333333
"573",2018,"Urbanizaciones","Cistus crispus","D",0,0,0,0,0,0,0,0,0
"574",2018,"Urbanizaciones","Cistus crispus","E",1,1,0,0,7,7,0,0,0
"575",2015,"Urbanizaciones","Cistus salviifolius","A",1,1,10,0,0,10,0.777777777777778,64.6666666666667,0.0573066666666667
"576",2015,"Urbanizaciones","Cistus salviifolius","B",1,1,1,0,0,1,1,46,0.05639
"577",2016,"Urbanizaciones","Cistus salviifolius","A",1,1,0,1,0,1,1,44,0.04506
"578",2016,"Urbanizaciones","Cistus salviifolius","B",0,0,0,0,0,0,1,39,0.0402
"579",2018,"Urbanizaciones","Cistus salviifolius","A",2,2,3,0,2,5,1,45,0.0546233333333333
"580",2018,"Urbanizaciones","Cistus salviifolius","B",0,0,0,0,0,0,1,59,0.07301
"581",2018,"Urbanizaciones","Cistus salviifolius","C",1,1,1,0,0,1,1,51,0.054785
"582",2018,"Urbanizaciones","Cistus salviifolius","D",1,1,0,0,1,1,1,32.5,0.03641
"583",2018,"Urbanizaciones","Cistus salviifolius","E",3,3,2,0,2,4,0,0,0
"584",2015,"Urbanizaciones","Halimium commutatum","A",1,1,0,0,1,1,0.333333333333333,2.05,0.0020275
"585",2015,"Urbanizaciones","Halimium commutatum","B",1,1,1,0,0,1,0,0,0
"586",2015,"Urbanizaciones","Halimium commutatum","C",1,1,0,0,1,1,0.2,0,0
"587",2015,"Urbanizaciones","Halimium commutatum","D",0,0,0,0,0,0,0.111111111111111,0,0
"588",2016,"Urbanizaciones","Halimium commutatum","A",0,0,0,0,0,0,0,2,0.00159666666666667
"589",2016,"Urbanizaciones","Halimium commutatum","B",1,1,0,1,0,1,0,0,0
"590",2017,"Urbanizaciones","Halimium commutatum","A",0,0,0,0,0,0,1,1.875,0.002905
"591",2017,"Urbanizaciones","Halimium commutatum","B",0,0,0,0,0,0,1,1.875,0.003205
"592",2018,"Urbanizaciones","Halimium commutatum","A",2,2,1,0,5,6,0,0,0
"593",2016,"Urbanizaciones","Halimium halimifolium","A",0,0,0,0,0,0,0.5,35,0.003935
"594",2016,"Urbanizaciones","Halimium halimifolium","B",0,0,0,0,0,0,0.666666666666667,26,0.009045
"595",2018,"Urbanizaciones","Halimium halimifolium","A",2,2,0,0,4,4,0.666666666666667,23.5,0.05513
"596",2018,"Urbanizaciones","Halimium halimifolium","B",2,2,1,0,4,5,1,12.3333333333333,0.00811
"597",2018,"Urbanizaciones","Halimium halimifolium","C",1,1,1,0,0,1,0.8,30.3333333333333,0.0154833333333333
"598",2018,"Urbanizaciones","Halimium halimifolium","D",0,0,0,0,0,0,0.75,26,0.0163333333333333
"599",2015,"Urbanizaciones","Lavandula pedunculata","A",0,0,0,0,0,0,0,2,0.000508
"600",2016,"Urbanizaciones","Lavandula pedunculata","A",2,3,0,0,17,17,0.917808219178082,2.28571428571429,0.000405714285714286
"601",2016,"Urbanizaciones","Lavandula pedunculata","B",3,3,0,6,34,40,0,0,0
"602",2018,"Urbanizaciones","Lavandula pedunculata","A",1,1,0,0,26,26,0.766129032258065,2,0.00123
"603",2018,"Urbanizaciones","Lavandula pedunculata","B",4,4,12,0,31,43,0.924528301886792,3,0.00131333333333333
"604",2018,"Urbanizaciones","Lavandula pedunculata","C",0,0,0,0,0,0,0.831932773109244,2.66666666666667,0.00169333333333333
"605",2018,"Urbanizaciones","Lavandula pedunculata","D",2,2,0,0,14,14,0.754385964912281,3.33333333333333,0.00176666666666667
"606",2015,"Urbanizaciones","Lavandula stoechas","A",4,5,0,1,8,9,0.731494059791606,1.375,0.00048125
"607",2015,"Urbanizaciones","Lavandula stoechas","B",1,1,0,0,1,1,0.742144175831868,1.7,0.000658
"608",2015,"Urbanizaciones","Lavandula stoechas","C",2,2,0,0,2,2,0.293778291232829,0,0
"609",2016,"Urbanizaciones","Lavandula stoechas","A",0,0,0,0,0,0,0.793478260869565,1.4,0.00029
"610",2016,"Urbanizaciones","Lavandula stoechas","B",2,2,0,0,5,5,0.9609375,1.25,0.000345
"611",2017,"Urbanizaciones","Lavandula stoechas","A",2,2,0,3,2,5,0,0,0
"612",2017,"Urbanizaciones","Lavandula stoechas","B",2,2,0,1,1,2,0,0,0
"613",2015,"Urbanizaciones","Rosmarinus officinalis","A",2,2,0,0,2,2,0.944444444444444,1.625,0.00103375
"614",2015,"Urbanizaciones","Rosmarinus officinalis","B",2,2,0,0,2,2,0.936587891912249,1.78571428571429,0.000572857142857143
"615",2015,"Urbanizaciones","Rosmarinus officinalis","C",2,2,0,0,2,2,0.708931419457735,1.8,0.000348
"616",2016,"Urbanizaciones","Rosmarinus officinalis","A",1,1,0,0,1,1,0,0,0
"617",2017,"Urbanizaciones","Rosmarinus officinalis","A",1,1,0,0,16,16,0,0,0
"618",2017,"Urbanizaciones","Rosmarinus officinalis","B",2,3,0,0,31,31,0,0,0
"619",2017,"Urbanizaciones","Rosmarinus officinalis","C",1,1,0,0,23,23,0,0,0
"620",2018,"Urbanizaciones","Rosmarinus officinalis","A",2,2,0,2,132,134,0,0,0
"621",2018,"Urbanizaciones","Rosmarinus officinalis","B",2,3,0,0,85,85,0,0,0
"622",2018,"Urbanizaciones","Rosmarinus officinalis","C",2,2,0,0,96,96,0,0,0
"623",2018,"Urbanizaciones","Rosmarinus officinalis","D",2,2,0,0,57,57,0,0,0
"624",2015,"Villamanrique este","Cistus crispus","A",2,4,0,1,3,4,0,0,0
"625",2015,"Villamanrique este","Cistus crispus","B",1,1,0,0,1,1,0,0,0
"626",2016,"Villamanrique este","Cistus crispus","A",2,4,0,2,10,12,1,46,0.022775
"627",2016,"Villamanrique este","Cistus crispus","B",0,0,0,0,0,0,0.428571428571429,33.3333333333333,0.00914
"628",2017,"Villamanrique este","Cistus crispus","A",2,2,0,2,2,4,0.75,32,0.0161233333333333
"629",2017,"Villamanrique este","Cistus crispus","B",2,2,0,0,2,2,1,34.3333333333333,0.0160966666666667
"630",2018,"Villamanrique este","Cistus crispus","A",2,2,0,0,20,20,0.888888888888889,43,0.02419
"631",2018,"Villamanrique este","Cistus crispus","B",2,2,0,0,26,26,0.75,35.3333333333333,0.0201533333333333
"632",2018,"Villamanrique este","Cistus crispus","C",2,2,0,0,12,12,1,32,0.01966
"633",2018,"Villamanrique este","Cistus crispus","D",0,0,0,0,0,0,0.8,33,0.0147333333333333
"634",2015,"Villamanrique este","Cistus ladanifer","A",2,2,2,0,0,2,0,0,0
"635",2015,"Villamanrique este","Cistus ladanifer","B",1,1,0,0,1,1,0,0,0
"636",2015,"Villamanrique este","Cistus ladanifer","C",3,3,1,0,2,3,0,0,0
"637",2016,"Villamanrique este","Cistus ladanifer","A",3,3,0,1,2,3,1,347.25,0.0925525
"638",2016,"Villamanrique este","Cistus ladanifer","B",0,0,0,0,0,0,1,594,0.19542
"639",2017,"Villamanrique este","Cistus ladanifer","B",1,1,0,0,1,1,0,0,0
"640",2015,"Villamanrique este","Cistus salviifolius","A",2,2,5,0,0,5,0.533333333333333,40.2,0.045562
"641",2015,"Villamanrique este","Cistus salviifolius","B",2,2,0,0,2,2,0,0,0
"642",2015,"Villamanrique este","Cistus salviifolius","C",2,2,0,0,3,3,0,0,0
"643",2016,"Villamanrique este","Cistus salviifolius","A",3,3,1,0,4,5,1,36.75,0.0338575
"644",2016,"Villamanrique este","Cistus salviifolius","B",0,0,0,0,0,0,1,29,0.031455
"645",2017,"Villamanrique este","Cistus salviifolius","A",1,2,0,0,11,11,1,30,0.0402533333333333
"646",2017,"Villamanrique este","Cistus salviifolius","B",2,2,1,2,0,3,1,62,0.07578
"647",2017,"Villamanrique este","Cistus salviifolius","C",1,1,0,0,1,1,0,0,0
"648",2015,"Villamanrique este","Lavandula stoechas","A",1,1,0,0,1,1,0,0,0
"649",2015,"Villamanrique este","Lavandula stoechas","B",1,1,0,0,2,2,0,0,0
"650",2015,"Villamanrique este","Lavandula stoechas","C",1,1,0,0,7,7,0,0,0
"651",2015,"Villamanrique este","Rosmarinus officinalis","A",1,1,0,0,1,1,0,0,0
"652",2016,"Villamanrique este","Rosmarinus officinalis","A",1,1,0,0,3,3,0,0,0
"653",2017,"Villamanrique este","Rosmarinus officinalis","A",1,1,0,0,14,14,0,0,0
"654",2017,"Villamanrique este","Rosmarinus officinalis","B",1,1,0,0,23,23,0,0,0
"655",2017,"Villamanrique este","Rosmarinus officinalis","C",2,2,0,1,53,54,0,0,0
"656",2018,"Villamanrique este","Rosmarinus officinalis","A",1,1,0,0,3,3,0,0,0
"657",2015,"Villamanrique sur","Cistus crispus","A",3,3,0,0,3,3,0.25,0,0
"658",2015,"Villamanrique sur","Cistus crispus","B",0,0,0,0,0,0,0.701388888888889,39.6666666666667,0.0197133333333333
"659",2017,"Villamanrique sur","Cistus crispus","A",1,2,0,0,5,5,0.857142857142857,47.6666666666667,0.0268266666666667
"660",2017,"Villamanrique sur","Cistus crispus","B",1,1,0,0,15,15,1,36,0.0221266666666667
"661",2018,"Villamanrique sur","Cistus crispus","A",3,4,0,0,23,23,1,31.6666666666667,0.01734
"662",2018,"Villamanrique sur","Cistus crispus","B",4,4,0,0,26,26,0.833333333333333,31,0.01748
"663",2018,"Villamanrique sur","Cistus crispus","C",4,5,0,0,24,24,0.75,35.6666666666667,0.0184066666666667
"664",2018,"Villamanrique sur","Cistus crispus","D",4,4,0,0,24,24,0.666666666666667,34.5,0.02021
"665",2015,"Villamanrique sur","Cistus ladanifer","A",1,1,0,0,2,2,0.2,495.5,0.155755
"666",2015,"Villamanrique sur","Cistus ladanifer","B",1,1,4,0,0,4,0.444444444444444,368,0.116565
"667",2015,"Villamanrique sur","Cistus ladanifer","C",1,1,1,0,0,1,0.5,0,0
"668",2016,"Villamanrique sur","Cistus ladanifer","A",3,3,1,2,0,3,1,316,0.114933333333333
"669",2016,"Villamanrique sur","Cistus ladanifer","B",1,1,0,0,7,7,1,211.333333333333,0.0729833333333333
"670",2017,"Villamanrique sur","Cistus ladanifer","A",1,1,0,0,2,2,0,0,0
"671",2017,"Villamanrique sur","Cistus ladanifer","B",1,1,0,0,18,18,0,0,0
"672",2015,"Villamanrique sur","Cistus salviifolius","A",1,1,0,0,1,1,0,48,0.06082
"673",2015,"Villamanrique sur","Cistus salviifolius","B",2,2,0,0,2,2,0,0,0
"674",2015,"Villamanrique sur","Cistus salviifolius","C",1,1,0,0,2,2,0,0,0
"675",2016,"Villamanrique sur","Cistus salviifolius","A",1,1,0,0,9,9,0,10.5,0.01584
"676",2016,"Villamanrique sur","Cistus salviifolius","B",0,0,0,0,0,0,1,13.5,0.0218
"677",2017,"Villamanrique sur","Cistus salviifolius","A",1,1,1,0,0,1,0,0,0
"678",2018,"Villamanrique sur","Cistus salviifolius","A",0,0,0,0,0,0,0,0,0
"679",2018,"Villamanrique sur","Cistus salviifolius","B",0,0,0,0,0,0,1,0,0
"680",2018,"Villamanrique sur","Cistus salviifolius","C",0,0,0,0,0,0,0,0,0
"681",2018,"Villamanrique sur","Cistus salviifolius","D",0,0,0,0,0,0,1,32,0.0367766666666667
"682",2015,"Villamanrique sur","Halimium commutatum","A",2,2,0,0,2,2,0,0,0
"683",2015,"Villamanrique sur","Halimium commutatum","B",1,1,0,0,1,1,0,0,0
"684",2015,"Villamanrique sur","Halimium halimifolium","A",0,0,0,0,0,0,0.62962962962963,17,0.006014
"685",2015,"Villamanrique sur","Halimium halimifolium","B",0,0,0,0,0,0,0.470695970695971,19.2,0.006682
"686",2016,"Villamanrique sur","Halimium halimifolium","A",0,0,0,0,0,0,1,21,0.009178
"687",2016,"Villamanrique sur","Halimium halimifolium","B",0,0,0,0,0,0,0.5,17,0.007085
"688",2017,"Villamanrique sur","Halimium halimifolium","A",0,0,0,0,0,0,0.833333333333333,28,0.0139133333333333
"689",2017,"Villamanrique sur","Halimium halimifolium","B",0,0,0,0,0,0,0.75,16,0.00557
"690",2018,"Villamanrique sur","Halimium halimifolium","A",0,0,0,0,0,0,1,25.3333333333333,0.01169
"691",2018,"Villamanrique sur","Halimium halimifolium","B",0,0,0,0,0,0,1,17,0.01009
"692",2018,"Villamanrique sur","Halimium halimifolium","C",0,0,0,0,0,0,1,24.3333333333333,0.01464
"693",2018,"Villamanrique sur","Halimium halimifolium","D",0,0,0,0,0,0,1,19,0.0109866666666667
"694",2017,"Villamanrique sur","Lavandula pedunculata","A",0,0,0,0,0,0,0.676923076923077,1.25,0.000525
"695",2017,"Villamanrique sur","Lavandula pedunculata","B",0,0,0,0,0,0,0.84,1.4,8e-04
"696",2015,"Villamanrique sur","Lavandula stoechas","A",3,3,0,0,15,15,0.292682926829268,1.71428571428571,0.000601428571428571
"697",2015,"Villamanrique sur","Lavandula stoechas","B",1,1,0,0,16,16,0.557662658032686,1,0.0010925
"698",2015,"Villamanrique sur","Lavandula stoechas","C",1,1,0,0,1,1,0,0,0
"699",2017,"Villamanrique sur","Lavandula stoechas","A",2,2,0,0,11,11,0,0,0
"700",2015,"Villamanrique sur","Rosmarinus officinalis","A",1,1,0,0,1,1,0,0,0
"701",2015,"Villamanrique sur","Rosmarinus officinalis","B",1,1,0,0,2,2,0,0,0
"702",2016,"Villamanrique sur","Rosmarinus officinalis","A",2,2,0,0,72,72,0.5,1.71428571428571,0.000464285714285714
"703",2016,"Villamanrique sur","Rosmarinus officinalis","B",1,2,0,0,6,6,1,1.5,0.000215
"704",2017,"Villamanrique sur","Rosmarinus officinalis","A",2,2,0,1,124,125,0,0,0
"705",2017,"Villamanrique sur","Rosmarinus officinalis","B",1,1,0,0,167,167,0,0,0
"706",2017,"Villamanrique sur","Rosmarinus officinalis","C",2,2,0,0,145,145,0,0,0
"707",2018,"Villamanrique sur","Rosmarinus officinalis","A",2,2,0,0,207,207,0,0,0
"708",2018,"Villamanrique sur","Rosmarinus officinalis","B",1,1,0,0,165,165,0,0,0
"709",2018,"Villamanrique sur","Rosmarinus officinalis","C",1,1,0,0,105,105,0,0,0
"710",2018,"Villamanrique sur","Rosmarinus officinalis","D",1,1,0,0,30,30,0,0,0
"711",2018,"Villamanrique sur","Rosmarinus officinalis","E",2,3,0,0,318,318,0,0,0
